28 # bones
root ground
-1 # parent index
0.0 0.0 0.0
root hips
0 # parent index
0.0 263.275 8.42743e-006
pelvis
1 # parent index
0.0 263.275 8.42743e-006
leg right thigh
2 # parent index
-18.8953 241.859 -4.46446
leg right knee
3 # parent index
-18.8953 142.344 -4.46447
leg right ankle
4 # parent index
-18.8953 32.7519 -4.46443
leg left thigh
2 # parent index
18.8953 241.859 -4.46451
leg left knee
6 # parent index
18.8953 142.344 -4.4645
leg left ankle
7 # parent index
18.8953 32.7519 -4.46451
spine lower
1 # parent index
0.0 265.792 8.13741e-006
spine upper
9 # parent index
0.0 304.758 -0.267376
head neck lower
10 # parent index
5.24414e-007 362.232 -2.92619
head neck upper
11 # parent index
0.0 383.602 1.33443
arm right shoulder 1
10 # parent index
-7.5581 346.368 -3.60026
arm right shoulder 2
13 # parent index
-30.4845 352.665 -3.53273
arm right fix upperarm 1a
14 # parent index
-30.4845 352.665 -3.53269
arm right fix upperarm 1b
15 # parent index
-30.4845 352.665 -3.53269
arm right elbow
14 # parent index
-93.2165 352.665 -3.53269
arm right fix forearm 1
17 # parent index
-93.2165 352.665 -3.53269
arm right wrist
17 # parent index
-153.681 352.665 -3.53269
arm left shoulder 1
10 # parent index
7.5581 346.368 -3.6003
arm left shoulder 2
20 # parent index
30.4845 352.665 -3.53274
arm left fix upperarm 1a
21 # parent index
30.4845 352.665 -3.5327
arm left fix upperarm 1b
22 # parent index
30.4845 352.665 -3.5327
arm left elbow
21 # parent index
93.2165 352.665 -3.53269
arm left fix forearm 1
24 # parent index
93.2165 352.665 -3.53269
arm left wrist
24 # parent index
153.681 352.665 -3.53269
arm left fix wrist
26 # parent index
153.681 352.665 -3.53269
2 # meshes
5_Material58_1.0_0.0_0.0
1 # uv layers
1 # textures
em15_jacket_BM.dds
0 # uv layer index
277 # vertices
56.5183 278.959 -15.6456
-0.996299 0.0351995 -0.0784178
255 255 255 255
0.664706 -0.266667
10 0 0 0
1.0 0.0 0.0 0.0
53.4187 279.254 24.7968
-0.996421 0.0428855 -0.07284
255 255 255 255
0.586275 -0.282353
10 0 0 0
1.0 0.0 0.0 0.0
58.5847 253.572 -17.712
-0.9967 0.0407399 -0.070204
255 255 255 255
0.660784 -0.2
10 0 0 0
1.0 0.0 0.0 0.0
55.4851 253.867 27.4536
-0.996567 0.0548338 -0.0620333
255 255 255 255
0.570588 -0.219608
10 0 0 0
1.0 0.0 0.0 0.0
53.8615 312.169 21.1068
-0.996468 0.00522227 -0.0838158
255 255 255 255
0.601961 -0.364706
10 0 0 0
1.0 0.0 0.0 0.0
56.8135 311.283 -12.6936
-0.994458 -0.0199049 -0.103233
255 255 255 255
0.672549 -0.345098
10 0 0 0
1.0 0.0 0.0 0.0
22.2751 314.678 -36.7524
-0.283142 0.141484 0.948585
255 255 255 255
0.586275 -0.345098
10 0 0 0
1.0 0.0 0.0 0.0
20.6515 351.135 -30.8484
-0.214227 0.257046 0.942356
255 255 255 255
0.594118 -0.427451
10 0 0 0
1.0 0.0 0.0 0.0
58.7323 348.183 -11.3652
-0.493583 0.138965 0.858524
255 255 255 255
0.503922 -0.423529
10 0 0 0
1.0 0.0 0.0 0.0
24.0463 279.992 -42.5088
-0.317111 0.156665 0.935359
255 255 255 255
0.586275 -0.262745
10 0 0 0
1.0 0.0 0.0 0.0
56.5183 278.959 -15.6456
-0.628759 0.189395 0.754183
255 255 255 255
0.511765 -0.258824
10 0 0 0
1.0 0.0 0.0 0.0
27.5887 254.457 -46.1988
-0.354214 0.121244 0.927272
255 255 255 255
0.57451 -0.203922
10 0 0 0
1.0 0.0 0.0 0.0
56.5183 278.959 -15.6456
-0.674012 0.107893 0.730798
255 255 255 255
0.511765 -0.258824
10 0 0 0
1.0 0.0 0.0 0.0
58.5847 253.572 -17.712
-0.674012 0.107893 0.730798
255 255 255 255
0.503922 -0.2
10 0 0 0
1.0 0.0 0.0 0.0
56.5183 278.959 -15.6456
-0.637319 0.0576045 0.768444
255 255 255 255
0.511765 -0.258824
10 0 0 0
1.0 0.0 0.0 0.0
56.8135 311.283 -12.6936
-0.637319 0.0576045 0.768444
255 255 255 255
0.507843 -0.337255
10 0 0 0
1.0 0.0 0.0 0.0
56.8135 311.283 -12.6936
-0.574687 0.155452 0.803474
255 255 255 255
0.507843 -0.337255
10 0 0 0
1.0 0.0 0.0 0.0
-24.5142 279.992 -42.5088
0.344033 0.161509 0.924963
255 255 255 255
0.696078 -0.262745
10 0 0 0
1.0 0.0 0.0 0.0
-28.0566 254.457 -46.1988
0.380327 0.111114 0.918153
255 255 255 255
0.707843 -0.203922
10 0 0 0
1.0 0.0 0.0 0.0
-22.4478 314.678 -36.7524
0.315581 0.14984 0.936993
255 255 255 255
0.692157 -0.345098
10 0 0 0
1.0 0.0 0.0 0.0
-20.6766 351.431 -30.8484
0.228146 0.237314 0.944262
255 255 255 255
0.688235 -0.431373
10 0 0 0
1.0 0.0 0.0 0.0
19.9135 389.216 -14.1696
-0.155211 0.390917 0.907245
255 255 255 255
0.594118 -0.517647
10 0 0 0
1.0 0.0 0.0 0.0
-19.6434 389.512 -14.1696
0.141944 0.392442 0.908758
255 255 255 255
0.688235 -0.517647
10 0 0 0
1.0 0.0 0.0 0.0
-55.6578 279.107 -15.6456
0.631359 0.103421 0.768563
255 255 255 255
0.770588 -0.258824
10 0 0 0
1.0 0.0 0.0 0.0
-57.7242 253.719 -17.712
0.679076 0.0777427 0.72994
255 255 255 255
0.77451 -0.2
10 0 0 0
1.0 0.0 0.0 0.0
-56.3958 311.431 -12.6936
0.549111 0.0600986 0.833586
255 255 255 255
0.77451 -0.337255
10 0 0 0
1.0 0.0 0.0 0.0
-56.2482 377.999 -6.34682
0.390707 0.276651 0.877959
255 255 255 255
0.770588 -0.494118
10 0 0 0
1.0 0.0 0.0 0.0
-52.7058 279.402 23.1732
0.996533 0.031313 -0.07708
255 255 255 255
0.786275 -0.247059
10 0 0 0
1.0 0.0 0.0 0.0
-55.6578 279.107 -15.6456
0.993803 0.0827361 -0.0742309
255 255 255 255
0.707843 -0.247059
10 0 0 0
1.0 0.0 0.0 0.0
-54.6246 254.015 25.5348
0.995148 0.0675106 -0.0715724
255 255 255 255
0.790196 -0.184314
10 0 0 0
1.0 0.0 0.0 0.0
-55.6578 279.107 -15.6456
0.994654 0.0758143 -0.0701169
255 255 255 255
0.707843 -0.247059
10 0 0 0
1.0 0.0 0.0 0.0
-57.7242 253.719 -17.712
0.994654 0.0758143 -0.0701169
255 255 255 255
0.703922 -0.184314
10 0 0 0
1.0 0.0 0.0 0.0
-53.1486 339.77 23.7636
0.540925 0.0508162 -0.839535
255 255 255 255
0.523529 -0.823529
10 0 0 0
1.0 0.0 0.0 0.0
-26.1378 334.161 40.7376
0.433199 0.155631 -0.88776
255 255 255 255
0.594118 -0.807843
10 0 0 0
1.0 0.0 0.0 0.0
-56.1006 371.652 18.3024
0.278555 0.327294 -0.902932
255 255 255 255
0.511765 -0.933333
10 0 0 0
1.0 0.0 0.0 0.0
-52.7058 279.402 23.1732
0.330243 0.0585123 -0.942081
255 255 255 255
0.523529 -0.619608
10 0 0 0
1.0 0.0 0.0 0.0
-36.765 278.959 28.782
0.409513 0.0373652 -0.911539
255 255 255 255
0.566667 -0.619608
10 0 0 0
1.0 0.0 0.0 0.0
-53.5914 312.317 21.1068
0.571565 -0.0616246 -0.818239
255 255 255 255
0.519608 -0.733333
10 0 0 0
1.0 0.0 0.0 0.0
-30.861 308.331 38.2284
0.587514 -0.0635918 -0.806712
255 255 255 255
0.582353 -0.721569
10 0 0 0
1.0 0.0 0.0 0.0
-18.9054 372.39 20.5164
-0.00127232 0.339006 -0.940783
255 255 255 255
0.62549 -0.937255
10 0 0 0
1.0 0.0 0.0 0.0
-25.695 332.833 34.3908
0.0383278 0.05309 -0.997854
255 255 255 255
0.609804 -0.807843
10 0 0 0
1.0 0.0 0.0 0.0
19.4707 372.242 20.5164
-0.00108941 0.339192 -0.940717
255 255 255 255
0.7 -0.933333
10 0 0 0
1.0 0.0 0.0 0.0
25.8175 332.685 34.3908
-0.0391555 0.0528206 -0.997836
255 255 255 255
0.711765 -0.803922
10 0 0 0
1.0 0.0 0.0 0.0
19.6183 373.866 21.8448
-0.123426 0.447876 -0.885536
255 255 255 255
0.707843 -0.941176
10 0 0 0
1.0 0.0 0.0 0.0
26.1127 333.866 40.7376
-0.463293 0.141487 -0.874838
255 255 255 255
0.727451 -0.807843
10 0 0 0
1.0 0.0 0.0 0.0
53.5663 371.504 18.3024
-0.281476 0.339305 -0.897576
255 255 255 255
0.798039 -0.937255
10 0 0 0
1.0 0.0 0.0 0.0
-55.6578 279.107 -15.6456
0.996664 -0.0290326 -0.0762741
255 255 255 255
0.707843 -0.247059
10 0 0 0
1.0 0.0 0.0 0.0
-56.3958 311.431 -12.6936
0.996664 -0.0290326 -0.0762741
255 255 255 255
0.715686 -0.329412
10 0 0 0
1.0 0.0 0.0 0.0
-53.5914 312.317 21.1068
0.996297 -0.020854 -0.0834128
255 255 255 255
0.782353 -0.329412
10 0 0 0
1.0 0.0 0.0 0.0
-56.3958 311.431 -12.6936
0.996297 -0.020854 -0.0834128
255 255 255 255
0.715686 -0.329412
10 0 0 0
1.0 0.0 0.0 0.0
-56.2482 377.999 -6.34682
0.243337 0.941038 -0.235018
255 255 255 255
0.766667 -0.494118
10 0 0 0
1.0 0.0 0.0 0.0
-56.1006 371.652 18.3024
0.243337 0.941038 -0.235018
255 255 255 255
0.723529 -0.505882
10 0 0 0
1.0 0.0 0.0 0.0
-19.6434 389.512 -14.1696
0.243337 0.941038 -0.235018
255 255 255 255
0.766667 -0.423529
10 0 0 0
1.0 0.0 0.0 0.0
-19.3482 384.936 -12.8412
-0.00252905 0.676615 -0.736333
255 255 255 255
0.617647 -0.94902
10 0 0 0
1.0 0.0 0.0 0.0
-18.9054 372.39 20.5164
-0.00353225 0.939034 -0.343806
255 255 255 255
0.617647 -0.933333
10 0 0 0
1.0 0.0 0.0 0.0
19.7659 384.788 -12.8412
-0.00313224 0.684627 -0.728887
255 255 255 255
0.696078 -0.94902
10 0 0 0
1.0 0.0 0.0 0.0
-18.9054 372.39 20.5164
-0.00360011 0.939009 -0.343875
255 255 255 255
0.617647 -0.933333
10 0 0 0
1.0 0.0 0.0 0.0
19.4707 372.242 20.5164
-0.00360011 0.939009 -0.343875
255 255 255 255
0.696078 -0.933333
10 0 0 0
1.0 0.0 0.0 0.0
-19.6434 389.512 -14.1696
-0.997255 0.0709052 -0.0213492
255 255 255 255
0.723529 -0.482353
10 0 0 0
1.0 0.0 0.0 0.0
-19.3482 374.161 21.8448
-0.980278 0.189231 -0.0569765
255 255 255 255
0.817647 -0.431373
10 0 0 0
1.0 0.0 0.0 0.0
-19.3482 384.936 -12.8412
-0.997255 0.0709052 -0.0213492
255 255 255 255
0.727451 -0.466667
10 0 0 0
1.0 0.0 0.0 0.0
-18.9054 372.39 20.5164
-0.978195 0.19887 -0.0598785
255 255 255 255
0.813725 -0.427451
10 0 0 0
1.0 0.0 0.0 0.0
-19.3482 384.936 -12.8412
-0.978195 0.19887 -0.0598785
255 255 255 255
0.727451 -0.466667
10 0 0 0
1.0 0.0 0.0 0.0
53.5663 377.851 -6.34682
-0.398155 0.295836 0.868305
255 255 255 255
0.515686 -0.490196
10 0 0 0
1.0 0.0 0.0 0.0
53.5663 377.851 -6.34682
-0.259845 0.937214 -0.232616
255 255 255 255
0.939216 -0.541176
10 0 0 0
1.0 0.0 0.0 0.0
19.9135 389.216 -14.1696
-0.259845 0.937214 -0.232616
255 255 255 255
0.876471 -0.560784
10 0 0 0
1.0 0.0 0.0 0.0
53.5663 371.504 18.3024
-0.259845 0.937214 -0.232616
255 255 255 255
0.939216 -0.482353
10 0 0 0
1.0 0.0 0.0 0.0
-58.905 348.331 -11.2176
0.460771 0.0848111 0.883457
255 255 255 255
0.778431 -0.423529
10 0 0 0
1.0 0.0 0.0 0.0
-56.1006 371.652 18.3024
0.995271 -0.0954974 0.0177558
255 255 255 255
0.782353 -0.470588
10 0 0 0
1.0 0.0 0.0 0.0
-56.2482 377.999 -6.34682
0.995271 -0.0954974 0.0177558
255 255 255 255
0.743137 -0.509804
10 0 0 0
1.0 0.0 0.0 0.0
-53.1486 339.77 23.7636
0.995271 -0.0954974 0.0177558
255 255 255 255
0.766667 -0.396078
10 0 0 0
1.0 0.0 0.0 0.0
53.5663 371.504 18.3024
-0.999887 -0.0146128 0.0036269
255 255 255 255
0.629412 -0.509804
10 0 0 0
1.0 0.0 0.0 0.0
53.1235 339.77 23.616
-0.99337 0.0186066 -0.113444
255 255 255 255
0.609804 -0.431373
10 0 0 0
1.0 0.0 0.0 0.0
53.5663 377.851 -6.34682
-0.999887 -0.0146128 0.0036269
255 255 255 255
0.680392 -0.513725
10 0 0 0
1.0 0.0 0.0 0.0
58.7323 348.183 -11.3652
-0.972336 0.138996 -0.187731
255 255 255 255
0.680392 -0.439216
10 0 0 0
1.0 0.0 0.0 0.0
53.5663 377.851 -6.34682
-0.972336 0.138996 -0.18773
255 255 255 255
0.680392 -0.513725
10 0 0 0
1.0 0.0 0.0 0.0
19.6183 373.866 21.8448
-0.10439 0.917963 -0.382683
255 255 255 255
0.876471 -0.47451
10 0 0 0
1.0 0.0 0.0 0.0
53.5663 371.504 18.3024
-0.10439 0.917963 -0.382683
255 255 255 255
0.939216 -0.482353
10 0 0 0
1.0 0.0 0.0 0.0
19.9135 389.216 -14.1696
-0.10439 0.917963 -0.382683
255 255 255 255
0.876471 -0.560784
10 0 0 0
1.0 0.0 0.0 0.0
-53.1486 339.77 23.7636
0.982589 0.0606081 -0.175626
255 255 255 255
0.766667 -0.396078
10 0 0 0
1.0 0.0 0.0 0.0
-56.2482 377.999 -6.34682
0.982589 0.0606081 -0.175626
255 255 255 255
0.743137 -0.509804
10 0 0 0
1.0 0.0 0.0 0.0
-58.905 348.331 -11.2176
0.982589 0.0606081 -0.175626
255 255 255 255
0.711765 -0.45098
10 0 0 0
1.0 0.0 0.0 0.0
-19.3482 374.161 21.8448
0.100139 0.918379 -0.382822
255 255 255 255
0.7 -0.439216
10 0 0 0
1.0 0.0 0.0 0.0
-19.6434 389.512 -14.1696
0.100139 0.918379 -0.382822
255 255 255 255
0.766667 -0.423529
10 0 0 0
1.0 0.0 0.0 0.0
-56.1006 371.652 18.3024
0.100139 0.918379 -0.382822
255 255 255 255
0.723529 -0.505882
10 0 0 0
1.0 0.0 0.0 0.0
-19.3482 374.161 21.8448
0.115875 0.447972 -0.886506
255 255 255 255
0.613725 -0.941176
10 0 0 0
1.0 0.0 0.0 0.0
53.1235 339.77 23.616
-0.509214 0.142625 -0.84874
255 255 255 255
0.798039 -0.831373
10 0 0 0
1.0 0.0 0.0 0.0
-26.1378 334.161 40.7376
-0.976071 -0.187992 -0.109289
255 255 255 255
0.739216 -0.784314
10 0 0 0
1.0 0.0 0.0 0.0
-30.861 308.331 38.2284
-0.976071 -0.187992 -0.109289
255 255 255 255
0.75098 -0.698039
10 0 0 0
1.0 0.0 0.0 0.0
-25.695 332.833 34.3908
-0.976071 -0.187992 -0.109289
255 255 255 255
0.739216 -0.780392
10 0 0 0
1.0 0.0 0.0 0.0
-30.861 308.331 38.2284
-0.978964 -0.200094 -0.0398891
255 255 255 255
0.75098 -0.698039
10 0 0 0
1.0 0.0 0.0 0.0
-30.4182 308.331 26.8632
-0.978047 -0.204533 -0.0398921
255 255 255 255
0.75098 -0.698039
10 0 0 0
1.0 0.0 0.0 0.0
-25.695 332.833 34.3908
-0.978964 -0.200094 -0.0398891
255 255 255 255
0.739216 -0.780392
10 0 0 0
1.0 0.0 0.0 0.0
53.1235 339.77 23.616
-0.543928 -0.0542299 -0.837378
255 255 255 255
0.798039 -0.831373
10 0 0 0
1.0 0.0 0.0 0.0
53.8615 312.169 21.1068
-0.543928 -0.0542299 -0.837378
255 255 255 255
0.805882 -0.741176
10 0 0 0
1.0 0.0 0.0 0.0
30.6883 308.331 38.2284
-0.571868 0.0410102 -0.81932
255 255 255 255
0.743137 -0.721569
10 0 0 0
1.0 0.0 0.0 0.0
53.8615 312.169 21.1068
-0.591169 0.0337532 -0.805841
255 255 255 255
0.805882 -0.741176
10 0 0 0
1.0 0.0 0.0 0.0
58.7323 348.183 -11.3652
-0.987845 -0.0553144 -0.145269
255 255 255 255
0.680392 -0.439216
10 0 0 0
1.0 0.0 0.0 0.0
56.8135 311.283 -12.6936
-0.571566 -0.00734259 0.820523
255 255 255 255
0.507843 -0.337255
10 0 0 0
1.0 0.0 0.0 0.0
-53.1486 339.77 23.7636
0.986722 0.00161424 -0.162412
255 255 255 255
0.766667 -0.396078
10 0 0 0
1.0 0.0 0.0 0.0
-58.905 348.331 -11.2176
0.986722 0.00161424 -0.162412
255 255 255 255
0.711765 -0.45098
10 0 0 0
1.0 0.0 0.0 0.0
-53.5914 312.317 21.1068
0.986722 0.00161424 -0.162412
255 255 255 255
0.739216 -0.337255
10 0 0 0
1.0 0.0 0.0 0.0
-58.905 348.331 -11.2176
0.993909 -0.07022 -0.0849394
255 255 255 255
0.711765 -0.45098
10 0 0 0
1.0 0.0 0.0 0.0
-56.3958 311.431 -12.6936
0.993909 -0.07022 -0.0849394
255 255 255 255
0.676471 -0.372549
10 0 0 0
1.0 0.0 0.0 0.0
-53.5914 312.317 21.1068
0.993909 -0.07022 -0.0849394
255 255 255 255
0.739216 -0.337255
10 0 0 0
1.0 0.0 0.0 0.0
19.9135 389.216 -14.1696
-0.00214401 0.29563 -0.9553
255 255 255 255
0.696078 -0.960784
10 0 0 0
1.0 0.0 0.0 0.0
-19.6434 389.512 -14.1696
-0.00214401 0.29563 -0.9553
255 255 255 255
0.617647 -0.964706
10 0 0 0
1.0 0.0 0.0 0.0
-19.6434 389.512 -14.1696
-0.00105239 0.287242 -0.957857
255 255 255 255
0.617647 -0.964706
10 0 0 0
1.0 0.0 0.0 0.0
19.6183 373.866 21.8448
0.997137 0.0723621 -0.0219561
255 255 255 255
0.758824 -0.862745
10 0 0 0
1.0 0.0 0.0 0.0
19.9135 389.216 -14.1696
0.997137 0.0723621 -0.0219561
255 255 255 255
0.758824 -0.980392
10 0 0 0
1.0 0.0 0.0 0.0
19.4707 372.242 20.5164
0.997137 0.0723621 -0.0219561
255 255 255 255
0.758824 -0.866667
10 0 0 0
1.0 0.0 0.0 0.0
19.9135 389.216 -14.1696
0.999394 0.0345941 -0.00385195
255 255 255 255
0.758824 -0.980392
10 0 0 0
1.0 0.0 0.0 0.0
19.7659 384.788 -12.8412
0.999394 0.0345941 -0.00385195
255 255 255 255
0.758824 -0.976471
10 0 0 0
1.0 0.0 0.0 0.0
19.4707 372.242 20.5164
0.999394 0.0345941 -0.00385195
255 255 255 255
0.758824 -0.866667
10 0 0 0
1.0 0.0 0.0 0.0
-19.3482 374.161 21.8448
-0.945765 -0.00430341 -0.324822
255 255 255 255
0.719608 -0.913725
10 0 0 0
1.0 0.0 0.0 0.0
-26.1378 334.161 40.7376
-0.945765 -0.00430341 -0.324822
255 255 255 255
0.739216 -0.784314
10 0 0 0
1.0 0.0 0.0 0.0
-18.9054 372.39 20.5164
-0.945765 -0.00430341 -0.324822
255 255 255 255
0.719608 -0.909804
10 0 0 0
1.0 0.0 0.0 0.0
-26.1378 334.161 40.7376
-0.986051 -0.134341 -0.0982672
255 255 255 255
0.739216 -0.784314
10 0 0 0
1.0 0.0 0.0 0.0
-25.695 332.833 34.3908
-0.986051 -0.134341 -0.0982672
255 255 255 255
0.739216 -0.780392
10 0 0 0
1.0 0.0 0.0 0.0
-18.9054 372.39 20.5164
-0.986051 -0.134341 -0.0982672
255 255 255 255
0.719608 -0.909804
10 0 0 0
1.0 0.0 0.0 0.0
26.1127 333.866 40.7376
0.989358 -0.127065 -0.0708824
255 255 255 255
0.582353 -0.784314
10 0 0 0
1.0 0.0 0.0 0.0
19.6183 373.866 21.8448
0.989358 -0.127065 -0.0708824
255 255 255 255
0.601961 -0.913725
10 0 0 0
1.0 0.0 0.0 0.0
25.8175 332.685 34.3908
0.989358 -0.127065 -0.0708824
255 255 255 255
0.586275 -0.776471
10 0 0 0
1.0 0.0 0.0 0.0
19.6183 373.866 21.8448
0.974292 -0.0810085 -0.210219
255 255 255 255
0.782353 -0.921569
10 0 0 0
1.0 0.0 0.0 0.0
19.4707 372.242 20.5164
0.974292 -0.0810085 -0.210219
255 255 255 255
0.782353 -0.913725
10 0 0 0
1.0 0.0 0.0 0.0
25.8175 332.685 34.3908
0.974292 -0.0810085 -0.21022
255 255 255 255
0.794118 -0.780392
10 0 0 0
1.0 0.0 0.0 0.0
30.6883 308.331 38.2284
0.98294 -0.179556 -0.0398647
255 255 255 255
0.570588 -0.698039
10 0 0 0
1.0 0.0 0.0 0.0
26.1127 333.866 40.7376
0.98294 -0.179556 -0.0398647
255 255 255 255
0.582353 -0.784314
10 0 0 0
1.0 0.0 0.0 0.0
30.2455 308.331 26.8632
0.969689 -0.240488 -0.0432204
255 255 255 255
0.570588 -0.698039
10 0 0 0
1.0 0.0 0.0 0.0
26.1127 333.866 40.7376
0.975622 -0.202357 -0.0849312
255 255 255 255
0.582353 -0.784314
10 0 0 0
1.0 0.0 0.0 0.0
25.8175 332.685 34.3908
0.975622 -0.202357 -0.0849312
255 255 255 255
0.586275 -0.776471
10 0 0 0
1.0 0.0 0.0 0.0
-30.4182 308.331 26.8632
0.312702 -0.215294 -0.92513
255 255 255 255
0.601961 -0.72549
10 0 0 0
1.0 0.0 0.0 0.0
-21.267 308.331 29.9628
0.135458 -0.0706826 -0.988259
255 255 255 255
0.617647 -0.72549
10 0 0 0
1.0 0.0 0.0 0.0
-30.4182 308.331 26.8632
0.318082 0.13827 -0.937926
255 255 255 255
0.601961 -0.72549
10 0 0 0
1.0 0.0 0.0 0.0
-36.765 278.959 28.782
0.318082 0.13827 -0.937926
255 255 255 255
0.590196 -0.627451
10 0 0 0
1.0 0.0 0.0 0.0
-36.765 278.959 28.782
0.0759702 0.00870197 -0.997072
255 255 255 255
0.590196 -0.627451
10 0 0 0
1.0 0.0 0.0 0.0
-21.267 278.959 29.9628
0.0380126 0.00872089 -0.999239
255 255 255 255
0.617647 -0.631373
10 0 0 0
1.0 0.0 0.0 0.0
-21.267 278.959 29.9628
0.0 -0.99999 0.00451661
255 255 255 255
0.613725 -0.658824
10 0 0 0
1.0 0.0 0.0 0.0
-24.219 279.845 -36.9
-0.00338868 -0.999983 0.00466618
255 255 255 255
0.609804 -0.478431
10 0 0 0
1.0 0.0 0.0 0.0
20.9467 278.959 29.9628
-0.00468834 -0.99998 0.00430959
255 255 255 255
0.703922 -0.658824
10 0 0 0
1.0 0.0 0.0 0.0
20.9467 308.331 29.9628
-0.150885 -0.0951475 -0.983962
255 255 255 255
0.703922 -0.72549
10 0 0 0
1.0 0.0 0.0 0.0
30.2455 308.331 26.8632
-0.307792 -0.221377 -0.925341
255 255 255 255
0.723529 -0.72549
10 0 0 0
1.0 0.0 0.0 0.0
20.9467 278.959 29.9628
0.0 0.00872719 -0.999962
255 255 255 255
0.703922 -0.631373
10 0 0 0
1.0 0.0 0.0 0.0
-30.861 308.331 38.2284
-0.977243 -0.208336 -0.039894
255 255 255 255
0.75098 -0.698039
10 0 0 0
1.0 0.0 0.0 0.0
-36.765 278.959 28.782
-0.977243 -0.208336 -0.039894
255 255 255 255
0.770588 -0.6
10 0 0 0
1.0 0.0 0.0 0.0
39.3967 279.107 31.8816
0.955452 -0.292453 -0.039779
255 255 255 255
0.543137 -0.603922
10 0 0 0
1.0 0.0 0.0 0.0
30.6883 308.331 38.2284
0.955452 -0.292454 -0.039779
255 255 255 255
0.570588 -0.698039
10 0 0 0
1.0 0.0 0.0 0.0
20.9467 278.959 29.9628
-0.316228 0.00827934 -0.948647
255 255 255 255
0.703922 -0.631373
10 0 0 0
1.0 0.0 0.0 0.0
30.2455 308.331 26.8632
-0.316228 0.00827934 -0.948647
255 255 255 255
0.723529 -0.72549
10 0 0 0
1.0 0.0 0.0 0.0
20.9467 278.959 29.9628
0.103553 0.145339 -0.983948
255 255 255 255
0.703922 -0.631373
10 0 0 0
1.0 0.0 0.0 0.0
39.3967 279.107 31.8816
0.103552 0.145339 -0.983948
255 255 255 255
0.743137 -0.631373
10 0 0 0
1.0 0.0 0.0 0.0
30.2455 308.331 26.8632
0.103553 0.145339 -0.983948
255 255 255 255
0.723529 -0.72549
10 0 0 0
1.0 0.0 0.0 0.0
53.4187 279.254 24.7968
-0.446118 0.136718 -0.88447
255 255 255 255
0.805882 -0.627451
10 0 0 0
1.0 0.0 0.0 0.0
39.3967 279.107 31.8816
-0.446118 0.136718 -0.88447
255 255 255 255
0.770588 -0.627451
10 0 0 0
1.0 0.0 0.0 0.0
55.4851 253.867 27.4536
-0.446118 0.136718 -0.88447
255 255 255 255
0.813725 -0.541176
10 0 0 0
1.0 0.0 0.0 0.0
39.3967 279.107 31.8816
-0.398502 0.101914 -0.911488
255 255 255 255
0.770588 -0.627451
10 0 0 0
1.0 0.0 0.0 0.0
47.0719 253.719 31.1436
-0.399607 0.0788865 -0.913286
255 255 255 255
0.790196 -0.541176
10 0 0 0
1.0 0.0 0.0 0.0
55.4851 253.867 27.4536
-0.398502 0.101914 -0.911488
255 255 255 255
0.813725 -0.541176
10 0 0 0
1.0 0.0 0.0 0.0
53.8615 312.169 21.1068
-0.58331 0.0897872 -0.807272
255 255 255 255
0.805882 -0.741176
10 0 0 0
1.0 0.0 0.0 0.0
53.4187 279.254 24.7968
-0.58331 0.0897872 -0.807272
255 255 255 255
0.805882 -0.627451
10 0 0 0
1.0 0.0 0.0 0.0
39.3967 279.107 31.8816
-0.450674 -0.0513732 -0.891209
255 255 255 255
0.770588 -0.627451
10 0 0 0
1.0 0.0 0.0 0.0
53.4187 279.254 24.7968
-0.450674 -0.0513732 -0.891209
255 255 255 255
0.805882 -0.627451
10 0 0 0
1.0 0.0 0.0 0.0
23.8987 279.845 -36.9
0.00280495 -0.999991 0.00303272
255 255 255 255
0.711765 -0.478431
10 0 0 0
1.0 0.0 0.0 0.0
47.6623 279.254 -10.7748
0.0173412 -0.999848 -0.00190565
255 255 255 255
0.762745 -0.54902
10 0 0 0
1.0 0.0 0.0 0.0
39.3967 279.107 31.8816
0.0173412 -0.999848 -0.00190565
255 255 255 255
0.747059 -0.662745
10 0 0 0
1.0 0.0 0.0 0.0
39.3967 279.107 31.8816
-0.00933265 -0.999948 0.00410441
255 255 255 255
0.747059 -0.662745
10 0 0 0
1.0 0.0 0.0 0.0
39.3967 279.107 31.8816
0.942409 -0.281169 0.181133
255 255 255 255
0.570588 -0.286275
10 0 0 0
1.0 0.0 0.0 0.0
47.6623 279.254 -10.7748
0.942409 -0.281169 0.181133
255 255 255 255
0.656863 -0.266667
10 0 0 0
1.0 0.0 0.0 0.0
47.0719 253.719 31.1436
0.942409 -0.281169 0.181133
255 255 255 255
0.562745 -0.223529
10 0 0 0
1.0 0.0 0.0 0.0
47.6623 279.254 -10.7748
0.964363 -0.220986 0.145495
255 255 255 255
0.656863 -0.266667
10 0 0 0
1.0 0.0 0.0 0.0
54.1567 253.719 -15.2028
0.970683 -0.200706 0.132257
255 255 255 255
0.656863 -0.203922
10 0 0 0
1.0 0.0 0.0 0.0
47.0719 253.719 31.1436
0.964363 -0.220986 0.145495
255 255 255 255
0.562745 -0.223529
10 0 0 0
1.0 0.0 0.0 0.0
47.6623 279.254 -10.7748
0.710836 -0.286174 -0.642508
255 255 255 255
0.531373 -0.262745
10 0 0 0
1.0 0.0 0.0 0.0
23.8987 279.845 -36.9
0.710836 -0.286174 -0.642508
255 255 255 255
0.586275 -0.262745
10 0 0 0
1.0 0.0 0.0 0.0
54.1567 253.719 -15.2028
0.710836 -0.286174 -0.642508
255 255 255 255
0.515686 -0.2
10 0 0 0
1.0 0.0 0.0 0.0
23.8987 279.845 -36.9
0.68837 -0.218371 -0.691709
255 255 255 255
0.586275 -0.262745
10 0 0 0
1.0 0.0 0.0 0.0
27.1459 254.457 -41.9184
0.378962 -0.230898 -0.896144
255 255 255 255
0.578431 -0.203922
10 0 0 0
1.0 0.0 0.0 0.0
54.1567 253.719 -15.2028
0.68837 -0.218371 -0.691709
255 255 255 255
0.515686 -0.2
10 0 0 0
1.0 0.0 0.0 0.0
23.8987 279.845 -36.9
0.0 -0.185353 -0.982672
255 255 255 255
0.586275 -0.262745
10 0 0 0
1.0 0.0 0.0 0.0
-24.219 279.845 -36.9
0.0 -0.185353 -0.982672
255 255 255 255
0.696078 -0.262745
10 0 0 0
1.0 0.0 0.0 0.0
-24.219 279.845 -36.9
-0.000519999 -0.184339 -0.982863
255 255 255 255
0.696078 -0.262745
10 0 0 0
1.0 0.0 0.0 0.0
-27.6138 254.31 -41.9184
-0.402307 -0.20343 -0.892617
255 255 255 255
0.703922 -0.203922
10 0 0 0
1.0 0.0 0.0 0.0
-24.219 279.845 -36.9
-0.735787 -0.217874 -0.641209
255 255 255 255
0.696078 -0.262745
10 0 0 0
1.0 0.0 0.0 0.0
-47.097 279.254 -10.7748
-0.710965 -0.254603 -0.655519
255 255 255 255
0.75098 -0.262745
10 0 0 0
1.0 0.0 0.0 0.0
-53.4438 253.719 -15.0552
-0.693434 -0.22669 -0.68393
255 255 255 255
0.766667 -0.2
10 0 0 0
1.0 0.0 0.0 0.0
-47.097 279.254 -10.7748
-0.948795 -0.196211 0.247565
255 255 255 255
0.719608 -0.247059
10 0 0 0
1.0 0.0 0.0 0.0
-36.765 278.959 28.782
-0.948796 -0.196211 0.247565
255 255 255 255
0.798039 -0.247059
10 0 0 0
1.0 0.0 0.0 0.0
-53.4438 253.719 -15.0552
-0.948796 -0.196211 0.247565
255 255 255 255
0.707843 -0.184314
10 0 0 0
1.0 0.0 0.0 0.0
-36.765 278.959 28.782
-0.927063 -0.341987 0.15362
255 255 255 255
0.798039 -0.247059
10 0 0 0
1.0 0.0 0.0 0.0
-46.0638 253.719 28.6344
-0.940432 -0.318625 0.1186
255 255 255 255
0.798039 -0.184314
10 0 0 0
1.0 0.0 0.0 0.0
-53.4438 253.719 -15.0552
-0.927063 -0.341987 0.15362
255 255 255 255
0.707843 -0.184314
10 0 0 0
1.0 0.0 0.0 0.0
-52.7058 279.402 23.1732
0.326864 0.12312 -0.937017
255 255 255 255
0.523529 -0.619608
10 0 0 0
1.0 0.0 0.0 0.0
-46.0638 253.719 28.6344
0.326864 0.12312 -0.937017
255 255 255 255
0.543137 -0.533333
10 0 0 0
1.0 0.0 0.0 0.0
-52.7058 279.402 23.1732
0.334859 0.120497 -0.934532
255 255 255 255
0.523529 -0.619608
10 0 0 0
1.0 0.0 0.0 0.0
-54.6246 254.015 25.5348
0.334859 0.120497 -0.934532
255 255 255 255
0.519608 -0.537255
10 0 0 0
1.0 0.0 0.0 0.0
-46.0638 253.719 28.6344
0.334859 0.120497 -0.934532
255 255 255 255
0.543137 -0.533333
10 0 0 0
1.0 0.0 0.0 0.0
-57.8718 228.185 -18.45
0.415201 -0.864198 0.2842
255 255 255 255
0.703922 -0.117647
10 0 0 0
1.0 0.0 0.0 0.0
-55.953 228.332 26.8632
-0.0384996 -0.997184 -0.0643531
255 255 255 255
0.794118 -0.117647
10 0 0 0
1.0 0.0 0.0 0.0
-57.7242 253.719 -17.712
0.999095 0.0049217 -0.0422508
255 255 255 255
0.703922 -0.184314
10 0 0 0
1.0 0.0 0.0 0.0
-57.7242 253.719 -17.712
0.995948 0.0558048 -0.070521
255 255 255 255
0.703922 -0.184314
10 0 0 0
1.0 0.0 0.0 0.0
-29.8278 216.819 -48.1176
0.101276 -0.955711 0.276332
255 255 255 255
0.711765 -0.113725
10 0 0 0
1.0 0.0 0.0 0.0
-57.8718 228.185 -18.45
0.711618 0.0630268 0.699734
255 255 255 255
0.77451 -0.141176
10 0 0 0
1.0 0.0 0.0 0.0
-57.8718 228.185 -18.45
0.692714 0.0185447 0.720974
255 255 255 255
0.77451 -0.141176
10 0 0 0
1.0 0.0 0.0 0.0
29.3599 228.923 -48.2652
-0.106158 -0.915985 0.386913
255 255 255 255
0.57451 -0.141176
10 0 0 0
1.0 0.0 0.0 0.0
58.7323 228.037 -18.45
-0.215179 -0.960535 0.176267
255 255 255 255
0.503922 -0.141176
10 0 0 0
1.0 0.0 0.0 0.0
58.5847 253.572 -17.712
-0.712527 0.0182646 0.701407
255 255 255 255
0.503922 -0.2
10 0 0 0
1.0 0.0 0.0 0.0
58.5847 253.572 -17.712
-0.674509 0.0995323 0.731526
255 255 255 255
0.503922 -0.2
10 0 0 0
1.0 0.0 0.0 0.0
56.8135 210.03 28.782
0.271162 -0.859776 0.432731
255 255 255 255
0.55098 -0.113725
10 0 0 0
1.0 0.0 0.0 0.0
58.7323 228.037 -18.45
-0.998103 0.0323007 -0.0524079
255 255 255 255
0.652941 -0.137255
10 0 0 0
1.0 0.0 0.0 0.0
58.7323 228.037 -18.45
-0.997648 0.00438583 -0.0684056
255 255 255 255
0.652941 -0.137255
10 0 0 0
1.0 0.0 0.0 0.0
56.8135 210.03 28.782
-0.400755 0.0478676 -0.914934
255 255 255 255
0.821569 -0.396078
10 0 0 0
1.0 0.0 0.0 0.0
55.4851 253.867 27.4536
-0.400755 0.0478676 -0.914934
255 255 255 255
0.813725 -0.541176
10 0 0 0
1.0 0.0 0.0 0.0
58.7323 228.037 -18.45
0.981538 -0.162901 0.100227
255 255 255 255
0.652941 -0.137255
10 0 0 0
1.0 0.0 0.0 0.0
47.0719 253.719 31.1436
0.966977 -0.208901 0.146
255 255 255 255
0.562745 -0.223529
10 0 0 0
1.0 0.0 0.0 0.0
54.1567 253.719 -15.2028
0.690355 -0.204461 -0.693978
255 255 255 255
0.515686 -0.2
10 0 0 0
1.0 0.0 0.0 0.0
-57.8718 228.185 -18.45
-0.668802 -0.204531 -0.714752
255 255 255 255
0.77451 -0.141176
10 0 0 0
1.0 0.0 0.0 0.0
-53.4438 253.719 -15.0552
-0.975287 -0.148655 0.163453
255 255 255 255
0.707843 -0.184314
10 0 0 0
1.0 0.0 0.0 0.0
-55.953 228.332 26.8632
0.337684 0.0742239 -0.938328
255 255 255 255
0.515686 -0.45098
10 0 0 0
1.0 0.0 0.0 0.0
-46.0638 253.719 28.6344
0.337684 0.0742239 -0.938328
255 255 255 255
0.543137 -0.533333
10 0 0 0
1.0 0.0 0.0 0.0
-54.6246 254.015 25.5348
0.337684 0.0742239 -0.938328
255 255 255 255
0.519608 -0.537255
10 0 0 0
1.0 0.0 0.0 0.0
-36.765 278.959 28.782
-0.000580038 -0.999999 -0.00111315
255 255 255 255
0.582353 -0.654902
10 0 0 0
1.0 0.0 0.0 0.0
-47.097 279.254 -10.7748
-0.000580038 -0.999999 -0.00111315
255 255 255 255
0.558824 -0.54902
10 0 0 0
1.0 0.0 0.0 0.0
-21.267 278.959 29.9628
-0.000580038 -0.999999 -0.00111315
255 255 255 255
0.613725 -0.658824
10 0 0 0
1.0 0.0 0.0 0.0
-47.097 279.254 -10.7748
-0.0101665 -0.999936 0.00496519
255 255 255 255
0.558824 -0.54902
10 0 0 0
1.0 0.0 0.0 0.0
-21.267 278.959 29.9628
-0.0101665 -0.999936 0.00496519
255 255 255 255
0.613725 -0.658824
10 0 0 0
1.0 0.0 0.0 0.0
27.4411 142.872 20.2212
-0.00737982 -0.691376 -0.722457
255 255 255 255
0.07451 -0.027451
6 0 0 0
1.0 0.0 0.0 0.0
27.5887 135.935 5.16599
-0.00486309 -0.999885 -0.0143636
255 255 255 255
0.07451 -0.007843
6 0 0 0
1.0 0.0 0.0 0.0
43.3819 142.872 4.42799
-0.749441 -0.661704 0.022049
255 255 255 255
0.039216 -0.027451
6 0 0 0
1.0 0.0 0.0 0.0
27.4411 152.318 26.568
-0.00795593 -0.550407 -0.834859
255 255 255 255
0.07451 -0.054902
6 0 0 0
1.0 0.0 0.0 0.0
48.2527 152.318 5.16599
-0.884317 -0.46602 -0.0284516
255 255 255 255
0.027451 -0.05098
6 0 0 0
1.0 0.0 0.0 0.0
23.8987 234.679 29.6676
0.00975997 0.351945 -0.93597
255 255 255 255
0.2 -0.243137
6 0 0 0
1.0 0.0 0.0 0.0
48.1051 234.531 5.01839
-0.931391 0.364003 -0.00344533
255 255 255 255
0.254902 -0.243137
6 0 0 0
1.0 0.0 0.0 0.0
22.7179 255.786 4.87079
0.0275102 0.999621 0.000656623
255 255 255 255
0.2 -0.305882
6 0 0 0
1.0 0.0 0.0 0.0
27.7363 142.872 -10.0368
-0.00732903 -0.702746 0.711403
255 255 255 255
0.07451 -0.027451
6 0 0 0
1.0 0.0 0.0 0.0
27.4411 152.318 -16.0884
0.00531077 -0.516968 0.855988
255 255 255 255
0.07451 -0.054902
6 0 0 0
1.0 0.0 0.0 0.0
11.3527 142.872 5.31359
0.747658 -0.66383 -0.018381
255 255 255 255
0.113725 -0.031373
6 0 0 0
1.0 0.0 0.0 0.0
-0.160152 234.827 4.87079
0.950475 0.310778 -0.00386747
255 255 255 255
0.145098 -0.247059
6 0 0 0
1.0 0.0 0.0 0.0
23.6035 234.974 -20.664
0.0157627 0.33611 0.941691
255 255 255 255
0.2 -0.247059
6 0 0 0
1.0 0.0 0.0 0.0
27.4411 152.318 -16.0884
-0.7145 -0.0116609 0.699539
255 255 255 255
0.203922 -0.007843
6 0 0 0
1.0 0.0 0.0 0.0
48.2527 152.318 5.16599
-0.714499 -0.0116609 0.699539
255 255 255 255
0.25098 -0.007843
6 0 0 0
1.0 0.0 0.0 0.0
48.2527 152.318 5.16599
-0.723545 -0.00596443 0.690252
255 255 255 255
0.25098 -0.007843
6 0 0 0
1.0 0.0 0.0 0.0
27.4411 152.318 26.568
0.710514 -0.0508324 -0.701844
255 255 255 255
0.203922 -0.007843
6 0 0 0
1.0 0.0 0.0 0.0
6.62945 152.023 5.46119
0.996472 -0.0835286 -0.00820286
255 255 255 255
0.152941 -0.011765
6 0 0 0
1.0 0.0 0.0 0.0
6.62945 152.023 5.46119
0.674751 -0.343388 0.653296
255 255 255 255
0.121569 -0.054902
6 0 0 0
1.0 0.0 0.0 0.0
6.62945 152.023 5.46119
0.638961 -0.334878 -0.692521
255 255 255 255
0.121569 -0.054902
6 0 0 0
1.0 0.0 0.0 0.0
6.62945 152.023 5.46119
0.640447 -0.422727 -0.641194
255 255 255 255
0.121569 -0.054902
6 0 0 0
1.0 0.0 0.0 0.0
27.4411 152.318 -16.0884
0.717416 -0.0698236 0.693137
255 255 255 255
0.203922 -0.007843
6 0 0 0
1.0 0.0 0.0 0.0
27.4411 152.318 -16.0884
0.729959 -0.0774488 0.679089
255 255 255 255
0.203922 -0.007843
6 0 0 0
1.0 0.0 0.0 0.0
27.4411 152.318 26.568
-0.713493 0.0104338 -0.700585
255 255 255 255
0.203922 -0.007843
6 0 0 0
1.0 0.0 0.0 0.0
27.4411 152.318 26.568
-0.716924 0.00862273 -0.697098
255 255 255 255
0.203922 -0.007843
6 0 0 0
1.0 0.0 0.0 0.0
48.2527 152.318 5.16599
-0.716924 0.00862273 -0.697098
255 255 255 255
0.25098 -0.007843
6 0 0 0
1.0 0.0 0.0 0.0
-27.6138 142.724 20.2212
0.00737966 -0.691376 -0.722457
255 255 255 255
0.05098 -0.019608
3 0 0 0
1.0 0.0 0.0 0.0
-43.5546 142.724 4.42799
0.749441 -0.661704 0.0220488
255 255 255 255
0.090196 -0.019608
3 0 0 0
1.0 0.0 0.0 0.0
-27.7614 135.787 5.166
0.00486304 -0.999885 -0.0143637
255 255 255 255
0.05098 -0.003922
3 0 0 0
1.0 0.0 0.0 0.0
-27.6138 152.171 26.568
0.00795583 -0.550406 -0.834859
255 255 255 255
0.05098 -0.047059
3 0 0 0
1.0 0.0 0.0 0.0
-48.4254 152.171 5.166
0.884317 -0.46602 -0.0284515
255 255 255 255
0.105882 -0.047059
3 0 0 0
1.0 0.0 0.0 0.0
-24.0714 234.531 29.6676
-0.00975983 0.351945 -0.93597
255 255 255 255
0.066667 -0.231373
3 0 0 0
1.0 0.0 0.0 0.0
-22.8906 255.638 4.87079
-0.02751 0.999621 0.000656498
255 255 255 255
0.066667 -0.290196
3 0 0 0
1.0 0.0 0.0 0.0
-48.2778 234.384 5.01839
0.931391 0.364003 -0.00344529
255 255 255 255
0.003922 -0.227451
3 0 0 0
1.0 0.0 0.0 0.0
-27.909 142.724 -10.0368
0.00732907 -0.702746 0.711403
255 255 255 255
0.05098 -0.019608
3 0 0 0
1.0 0.0 0.0 0.0
-27.6138 152.171 -16.0884
-0.00531061 -0.516968 0.855988
255 255 255 255
0.05098 -0.047059
3 0 0 0
1.0 0.0 0.0 0.0
-11.5254 142.724 5.3136
-0.747658 -0.663829 -0.0183811
255 255 255 255
0.007843 -0.023529
3 0 0 0
1.0 0.0 0.0 0.0
-0.0125532 234.679 4.87079
-0.950475 0.310778 -0.00386755
255 255 255 255
0.129412 -0.235294
3 0 0 0
1.0 0.0 0.0 0.0
-23.7762 234.827 -20.664
-0.0157627 0.33611 0.941691
255 255 255 255
0.066667 -0.235294
3 0 0 0
1.0 0.0 0.0 0.0
-27.6138 152.171 -16.0884
0.7145 -0.0116609 0.699539
255 255 255 255
0.066667 -0.007843
3 0 0 0
1.0 0.0 0.0 0.0
-48.4254 152.171 5.166
0.7145 -0.0116609 0.699539
255 255 255 255
0.011765 -0.007843
3 0 0 0
1.0 0.0 0.0 0.0
-48.4254 152.171 5.166
0.723545 -0.00596445 0.690252
255 255 255 255
0.011765 -0.007843
3 0 0 0
1.0 0.0 0.0 0.0
-27.6138 152.171 26.568
-0.710514 -0.0508324 -0.701844
255 255 255 255
0.066667 -0.007843
3 0 0 0
1.0 0.0 0.0 0.0
-6.80216 151.875 5.46119
-0.996472 -0.0835286 -0.00820276
255 255 255 255
0.117647 -0.007843
3 0 0 0
1.0 0.0 0.0 0.0
-6.80216 151.875 5.46119
-0.674751 -0.343388 0.653297
255 255 255 255
0.0 -0.047059
3 0 0 0
1.0 0.0 0.0 0.0
-6.80216 151.875 5.46119
-0.638962 -0.334877 -0.692521
255 255 255 255
0.0 -0.047059
3 0 0 0
1.0 0.0 0.0 0.0
-6.80216 151.875 5.46119
-0.640447 -0.422726 -0.641194
255 255 255 255
0.0 -0.047059
3 0 0 0
1.0 0.0 0.0 0.0
-27.6138 152.171 -16.0884
-0.717416 -0.0698236 0.693137
255 255 255 255
0.066667 -0.007843
3 0 0 0
1.0 0.0 0.0 0.0
-27.6138 152.171 -16.0884
-0.729959 -0.0774488 0.679089
255 255 255 255
0.066667 -0.007843
3 0 0 0
1.0 0.0 0.0 0.0
-27.6138 152.171 26.568
0.713493 0.0104338 -0.700585
255 255 255 255
0.066667 -0.007843
3 0 0 0
1.0 0.0 0.0 0.0
-27.6138 152.171 26.568
0.716924 0.00862275 -0.697098
255 255 255 255
0.066667 -0.007843
3 0 0 0
1.0 0.0 0.0 0.0
-48.4254 152.171 5.166
0.716924 0.00862275 -0.697098
255 255 255 255
0.011765 -0.007843
3 0 0 0
1.0 0.0 0.0 0.0
176 # faces
2 1 0
2 3 1
4 0 1
4 5 0
8 7 6
11 10 9
11 13 12
15 9 14
16 6 9
18 9 17
18 11 9
6 17 9
6 19 17
21 20 7
21 22 20
24 17 23
24 18 17
19 23 17
19 25 23
26 20 22
29 28 27
29 31 30
34 33 32
37 36 35
37 38 36
41 40 39
41 42 40
45 44 43
47 27 46
49 48 27
52 51 50
55 54 53
55 57 56
60 59 58
62 61 59
7 63 21
66 65 64
26 67 20
70 69 68
73 72 71
75 74 72
78 77 76
81 80 79
84 83 82
33 34 85
44 45 86
89 88 87
92 91 90
94 44 93
96 95 44
5 72 97
5 4 72
6 98 8
19 7 20
19 6 7
25 20 67
25 19 20
101 100 99
104 103 102
38 32 33
38 37 32
55 106 105
55 53 107
110 109 108
113 112 111
116 115 114
119 118 117
122 121 120
125 124 123
128 127 126
128 130 129
40 132 131
132 134 133
132 136 135
139 138 137
42 132 40
42 140 132
140 42 141
140 136 132
140 142 136
144 143 91
146 145 128
148 147 140
151 150 149
154 153 152
157 156 155
159 95 158
161 160 95
139 162 138
162 164 163
162 139 165
168 167 166
171 170 169
174 173 172
177 176 175
176 179 178
176 181 180
181 183 182
181 184 183
187 186 185
190 189 188
192 191 36
195 194 193
198 197 196
199 29 197
18 201 200
18 24 202
181 203 200
181 176 203
11 200 203
11 18 200
205 203 204
206 11 203
3 208 207
3 2 209
156 211 210
170 207 212
170 213 207
176 204 203
176 214 204
184 200 215
184 181 200
189 196 197
189 216 196
219 218 217
7 8 63
222 221 220
224 138 223
227 226 225
229 225 228
229 227 225
232 231 230
227 234 233
227 229 234
226 235 225
230 236 232
237 231 232
232 236 237
226 227 233
239 237 238
240 231 237
242 230 241
242 236 230
234 235 233
234 243 235
244 225 235
245 228 225
235 226 233
246 236 242
247 237 236
231 248 230
231 250 249
253 252 251
251 255 254
252 255 251
258 257 256
260 252 259
255 252 260
261 253 251
262 256 257
258 263 257
262 257 263
252 253 259
263 265 264
258 266 263
256 268 267
262 268 256
261 260 259
269 260 261
251 270 261
254 271 251
253 261 259
262 272 268
263 273 262
274 258 256
276 258 275
5_Material59_1.0_0.0_0.0
1 # uv layers
1 # textures
em15_jacket_BM.dds
0 # uv layer index
634 # vertices
27.7363 143.315 21.8448
-0.0262439 0.589006 -0.807702
255 255 255 255
0.392157 -0.278431
7 0 0 0
1.0 0.0 0.0 0.0
11.5003 143.315 7.37999
0.754804 0.651448 -0.0767281
255 255 255 255
0.360784 -0.278431
7 0 0 0
1.0 0.0 0.0 0.0
27.7363 133.573 27.306
-0.0142461 0.21664 -0.976148
255 255 255 255
0.403922 -0.258824
7 0 0 0
1.0 0.0 0.0 0.0
6.18665 133.721 5.31359
0.973251 0.227725 0.0303825
255 255 255 255
0.356863 -0.258824
7 0 0 0
1.0 0.0 0.0 0.0
27.5887 143.315 -9.74162
0.00293765 0.703013 0.711171
255 255 255 255
0.321569 -0.278431
7 0 0 0
1.0 0.0 0.0 0.0
27.8839 133.721 -15.6456
-0.00971016 0.263184 0.964697
255 255 255 255
0.309804 -0.258824
7 0 0 0
1.0 0.0 0.0 0.0
27.8839 151.875 11.9556
-0.0116619 0.976903 -0.213365
255 255 255 255
0.368627 -0.298039
7 0 0 0
1.0 0.0 0.0 0.0
43.9723 143.167 6.93719
-0.77736 0.625578 -0.0660594
255 255 255 255
0.356863 -0.278431
7 0 0 0
1.0 0.0 0.0 0.0
48.8431 133.573 5.31359
-0.973396 0.228552 0.0162319
255 255 255 255
0.356863 -0.258824
7 0 0 0
1.0 0.0 0.0 0.0
27.5887 24.3489 -20.664
-0.00128819 0.03503 0.999385
255 255 255 255
0.298039 -0.003922
7 0 0 0
1.0 0.0 0.0 0.0
6.03905 24.3489 3.24719
0.999783 0.0124407 0.0167355
255 255 255 255
0.34902 -0.003922
7 0 0 0
1.0 0.0 0.0 0.0
48.9907 24.2013 3.68998
-0.999974 0.00719477 0.000121019
255 255 255 255
0.352941 -0.003922
7 0 0 0
1.0 0.0 0.0 0.0
27.7363 24.3489 27.6012
-0.00635921 -0.00553881 -0.999964
255 255 255 255
0.403922 -0.003922
7 0 0 0
1.0 0.0 0.0 0.0
62.7175 363.534 -21.9924
0.300007 -0.0351557 0.953289
255 255 255 255
0.903922 -0.294118
21 0 0 0
1.0 0.0 0.0 0.0
62.5699 372.095 -22.7304
0.279097 0.505233 0.816605
255 255 255 255
0.927451 -0.294118
21 0 0 0
1.0 0.0 0.0 0.0
101.12 360.234 -22.14
-0.493068 -0.0193097 0.869776
255 255 255 255
0.907843 -0.533333
21 0 0 0
1.0 0.0 0.0 0.0
62.7175 349.069 -6.93722
0.20624 -0.978012 -0.0309335
255 255 255 255
0.860784 -0.294118
21 0 0 0
1.0 0.0 0.0 0.0
48.5479 357.335 0.590378
0.835039 -0.331033 -0.439463
255 255 255 255
0.884314 -0.239216
21 0 0 0
1.0 0.0 0.0 0.0
48.5479 357.335 -14.3172
0.835254 -0.330296 0.439608
255 255 255 255
0.884314 -0.239216
21 0 0 0
1.0 0.0 0.0 0.0
62.4223 377.999 -6.93722
0.207833 0.978161 0.00253384
255 255 255 255
0.947059 -0.290196
21 0 0 0
1.0 0.0 0.0 0.0
62.5699 372.095 9.00359
0.284746 0.506553 -0.813833
255 255 255 255
0.927451 -0.294118
21 0 0 0
1.0 0.0 0.0 0.0
101.12 374.109 -6.64202
-0.510936 0.859618 0.00113191
255 255 255 255
0.947059 -0.533333
21 0 0 0
1.0 0.0 0.0 0.0
52.0903 370.176 -0.738022
0.771766 0.521069 -0.364505
255 255 255 255
0.923529 -0.254902
21 0 0 0
1.0 0.0 0.0 0.0
52.0903 370.176 -12.9888
0.772277 0.52014 0.364749
255 255 255 255
0.923529 -0.254902
21 0 0 0
1.0 0.0 0.0 0.0
62.7175 354.973 7.67518
0.187942 -0.582187 -0.791035
255 255 255 255
0.880392 -0.294118
21 0 0 0
1.0 0.0 0.0 0.0
62.7175 354.973 -21.402
0.229107 -0.546676 0.805392
255 255 255 255
0.880392 -0.294118
21 0 0 0
1.0 0.0 0.0 0.0
62.7175 363.681 8.26558
0.307994 -0.0353395 -0.950732
255 255 255 255
0.903922 -0.294118
21 0 0 0
1.0 0.0 0.0 0.0
110.271 360.234 -6.78962
-0.999813 0.0166326 0.00982922
255 255 255 255
0.907843 -0.568627
21 0 0 0
1.0 0.0 0.0 0.0
101.12 345.032 -6.34682
-0.401632 -0.914782 -0.0431892
255 255 255 255
0.860784 -0.533333
21 0 0 0
1.0 0.0 0.0 0.0
101.12 360.382 9.00359
-0.467155 -0.0369826 -0.883402
255 255 255 255
0.907843 -0.533333
21 0 0 0
1.0 0.0 0.0 0.0
-62.595 363.829 -21.8448
-0.301562 -0.0352735 0.952794
255 255 255 255
0.903922 -0.294118
14 0 0 0
1.0 0.0 0.0 0.0
-101.982 358.779 -21.9924
0.489602 -0.0325149 0.87134
255 255 255 255
0.907843 -0.533333
14 0 0 0
1.0 0.0 0.0 0.0
-62.4474 372.39 -22.5828
-0.268627 0.512374 0.815667
255 255 255 255
0.927451 -0.294118
14 0 0 0
1.0 0.0 0.0 0.0
-62.595 349.364 -6.78962
-0.226945 -0.973422 -0.0307416
255 255 255 255
0.860784 -0.294118
14 0 0 0
1.0 0.0 0.0 0.0
-48.4254 357.63 -14.1696
-0.835254 -0.330296 0.439608
255 255 255 255
0.884314 -0.239216
14 0 0 0
1.0 0.0 0.0 0.0
-48.4254 357.63 0.737985
-0.835039 -0.331033 -0.439463
255 255 255 255
0.884314 -0.239216
14 0 0 0
1.0 0.0 0.0 0.0
-62.2998 378.294 -6.78962
-0.188452 0.982079 0.0024954
255 255 255 255
0.947059 -0.290196
14 0 0 0
1.0 0.0 0.0 0.0
-101.982 372.654 -6.49442
0.528029 0.849226 0.00118987
255 255 255 255
0.947059 -0.533333
14 0 0 0
1.0 0.0 0.0 0.0
-62.4474 372.39 9.15119
-0.273979 0.513767 -0.813006
255 255 255 255
0.927451 -0.294118
14 0 0 0
1.0 0.0 0.0 0.0
-51.9678 370.471 -12.8412
-0.772278 0.52014 0.364749
255 255 255 255
0.923529 -0.254902
14 0 0 0
1.0 0.0 0.0 0.0
-51.9678 370.471 -0.590417
-0.771767 0.521069 -0.364505
255 255 255 255
0.923529 -0.254902
14 0 0 0
1.0 0.0 0.0 0.0
-62.595 355.268 7.82279
-0.202453 -0.575219 -0.79255
255 255 255 255
0.880392 -0.294118
14 0 0 0
1.0 0.0 0.0 0.0
-62.595 355.268 -21.2544
-0.24101 -0.539866 0.80651
255 255 255 255
0.880392 -0.294118
14 0 0 0
1.0 0.0 0.0 0.0
-62.595 363.977 8.41319
-0.309371 -0.0354767 -0.950279
255 255 255 255
0.903922 -0.294118
14 0 0 0
1.0 0.0 0.0 0.0
-101.982 343.577 -6.19922
0.383216 -0.922723 -0.0415763
255 255 255 255
0.860784 -0.533333
14 0 0 0
1.0 0.0 0.0 0.0
-111.133 358.779 -6.64202
0.999813 0.0166315 0.00982901
255 255 255 255
0.907843 -0.568627
14 0 0 0
1.0 0.0 0.0 0.0
-101.982 358.927 9.15119
0.46269 -0.0496417 -0.885129
255 255 255 255
0.907843 -0.533333
14 0 0 0
1.0 0.0 0.0 0.0
-167.956 355.411 -23.7636
0.991763 -0.128085 6.55629e-007
255 255 255 255
0.907843 -0.215686
17 0 0 0
1.0 0.0 0.0 0.0
-166.103 341.065 -15.0552
0.991763 -0.128085 1.69731e-007
255 255 255 255
0.927451 -0.176471
17 0 0 0
1.0 0.0 0.0 0.0
-169.865 370.196 -14.9076
0.991763 -0.128085 1.65247e-007
255 255 255 255
0.927451 -0.254902
17 0 0 0
1.0 0.0 0.0 0.0
-101.982 359.37 -18.0072
-0.638743 0.0416121 0.768294
255 255 255 255
0.888235 -0.329412
17 0 0 0
1.0 0.0 0.0 0.0
-95.045 359.37 -7.08482
-0.999407 0.0286711 0.019045
255 255 255 255
0.923529 -0.360784
17 0 0 0
1.0 0.0 0.0 0.0
-101.982 347.267 -6.49442
-0.599968 -0.799801 -0.0188551
255 255 255 255
0.927451 -0.329412
17 0 0 0
1.0 0.0 0.0 0.0
-101.982 369.849 -7.23242
-0.538526 0.84179 0.0371411
255 255 255 255
0.923529 -0.329412
17 0 0 0
1.0 0.0 0.0 0.0
-109.805 359.075 9.15119
-0.293671 0.0424373 -0.954964
255 255 255 255
0.982353 -0.294118
17 0 0 0
1.0 0.0 0.0 0.0
-101.982 359.222 4.72318
-0.632418 0.0418642 -0.773495
255 255 255 255
0.966667 -0.329412
17 0 0 0
1.0 0.0 0.0 0.0
-110.395 372.506 -6.78962
-0.195033 0.980783 -0.00509728
255 255 255 255
0.923529 -0.290196
17 0 0 0
1.0 0.0 0.0 0.0
-110.395 359.075 -23.3208
-0.299188 0.041425 0.953295
255 255 255 255
0.868627 -0.290196
17 0 0 0
1.0 0.0 0.0 0.0
-109.805 343.872 -6.78962
-0.293053 -0.956094 0.00201823
255 255 255 255
0.927451 -0.294118
17 0 0 0
1.0 0.0 0.0 0.0
-167.956 355.411 -23.7636
0.0259287 0.511221 0.859058
255 255 255 255
0.868627 -0.031373
17 0 0 0
1.0 0.0 0.0 0.0
-169.865 370.196 -14.9076
0.0259287 0.511221 0.859058
255 255 255 255
0.896078 -0.031373
17 0 0 0
1.0 0.0 0.0 0.0
-167.975 355.557 11.07
-0.0315229 0.0237728 -0.99922
255 255 255 255
0.986275 -0.031373
17 0 0 0
1.0 0.0 0.0 0.0
-169.865 370.196 2.36158
0.0130036 0.873302 -0.487006
255 255 255 255
0.958824 -0.031373
17 0 0 0
1.0 0.0 0.0 0.0
-166.103 341.065 2.36158
-0.0742589 -0.85474 -0.513716
255 255 255 255
0.958824 -0.031373
17 0 0 0
1.0 0.0 0.0 0.0
-169.865 370.196 -14.9076
-0.0558412 0.774902 0.62961
255 255 255 255
0.896078 -0.031373
17 0 0 0
1.0 0.0 0.0 0.0
-169.865 370.196 -14.9076
0.0388199 0.999246 0.0
255 255 255 255
0.896078 -0.031373
17 0 0 0
1.0 0.0 0.0 0.0
-167.956 355.411 -23.7636
-0.0393528 -0.514794 0.85641
255 255 255 255
0.868627 -0.031373
17 0 0 0
1.0 0.0 0.0 0.0
-166.103 341.065 -15.0552
-0.0393528 -0.514794 0.85641
255 255 255 255
0.896078 -0.031373
17 0 0 0
1.0 0.0 0.0 0.0
-166.103 341.065 -15.0552
-0.135091 -0.726907 0.673318
255 255 255 255
0.896078 -0.031373
17 0 0 0
1.0 0.0 0.0 0.0
-166.103 341.065 -15.0552
-0.0497871 -0.99876 0.0
255 255 255 255
0.896078 -0.031373
17 0 0 0
1.0 0.0 0.0 0.0
-167.975 355.557 11.07
0.991763 -0.128085 1.95255e-006
255 255 255 255
0.982353 -0.215686
17 0 0 0
1.0 0.0 0.0 0.0
-169.865 370.196 2.36158
0.991763 -0.128085 1.95255e-006
255 255 255 255
0.966667 -0.254902
17 0 0 0
1.0 0.0 0.0 0.0
-166.103 341.065 2.36158
0.991763 -0.128085 1.95255e-006
255 255 255 255
0.966667 -0.176471
17 0 0 0
1.0 0.0 0.0 0.0
-169.865 370.196 2.36158
0.991763 -0.128085 0.0
255 255 255 255
0.966667 -0.254902
17 0 0 0
1.0 0.0 0.0 0.0
-166.103 341.065 2.36158
0.991763 -0.128085 0.0
255 255 255 255
0.966667 -0.176471
17 0 0 0
1.0 0.0 0.0 0.0
-169.865 370.196 2.36158
0.991763 -0.128085 0.0
255 255 255 255
0.966667 -0.254902
17 0 0 0
1.0 0.0 0.0 0.0
-181.978 354.047 1.32838
0.0100997 -0.979612 0.200643
255 255 255 255
0.364706 -0.501961
19 0 0 0
1.0 0.0 0.0 0.0
-198.777 351.282 2.21398
0.511858 -0.848433 -0.13477
255 255 255 255
0.360784 -0.423529
19 0 0 0
1.0 0.0 0.0 0.0
-181.6 351.119 -16.8264
-0.149427 -0.963162 -0.223586
255 255 255 255
0.439216 -0.498039
19 0 0 0
1.0 0.0 0.0 0.0
-195.036 345.217 -15.0552
0.233226 -0.932176 -0.276865
255 255 255 255
0.431373 -0.427451
19 0 0 0
1.0 0.0 0.0 0.0
-165.881 361.483 1.18078
0.00252714 0.992019 -0.126065
255 255 255 255
0.364706 -0.588235
19 0 0 0
1.0 0.0 0.0 0.0
-165.862 361.337 -15.2028
0.0434712 0.998597 0.0302232
255 255 255 255
0.431373 -0.588235
19 0 0 0
1.0 0.0 0.0 0.0
-185.154 361.078 3.98518
0.103345 0.967845 -0.229338
255 255 255 255
0.352941 -0.501961
19 0 0 0
1.0 0.0 0.0 0.0
-185.022 360.053 -16.8264
0.282777 0.947153 0.151451
255 255 255 255
0.439216 -0.498039
19 0 0 0
1.0 0.0 0.0 0.0
-197.756 349.479 -16.8264
0.967742 0.0941971 0.23367
255 255 255 255
0.439216 -0.423529
19 0 0 0
1.0 0.0 0.0 0.0
-201.494 356.289 2.36158
0.881477 0.444335 0.159892
255 255 255 255
0.360784 -0.423529
19 0 0 0
1.0 0.0 0.0 0.0
-201.494 356.289 2.36158
0.0778319 -0.0715536 -0.994395
255 255 255 255
0.454902 -0.423529
19 0 0 0
1.0 0.0 0.0 0.0
-198.777 351.282 2.21398
0.0778319 -0.0715536 -0.994395
255 255 255 255
0.47451 -0.435294
19 0 0 0
1.0 0.0 0.0 0.0
-185.154 361.078 3.98518
0.0778319 -0.0715536 -0.994395
255 255 255 255
0.447059 -0.505882
19 0 0 0
1.0 0.0 0.0 0.0
-198.777 351.282 2.21398
-0.101062 -0.311388 -0.944893
255 255 255 255
0.47451 -0.435294
19 0 0 0
1.0 0.0 0.0 0.0
-181.978 354.047 1.32838
-0.101062 -0.311388 -0.944893
255 255 255 255
0.470588 -0.521569
19 0 0 0
1.0 0.0 0.0 0.0
-185.154 361.078 3.98518
-0.101062 -0.311389 -0.944893
255 255 255 255
0.447059 -0.505882
19 0 0 0
1.0 0.0 0.0 0.0
-195.036 345.217 -15.0552
-0.036879 -0.363309 0.930939
255 255 255 255
0.490196 -0.454902
19 0 0 0
1.0 0.0 0.0 0.0
-197.756 349.479 -16.8264
-0.036879 -0.363309 0.930939
255 255 255 255
0.478431 -0.447059
19 0 0 0
1.0 0.0 0.0 0.0
-181.6 351.119 -16.8264
-0.036879 -0.363309 0.930939
255 255 255 255
0.478431 -0.521569
19 0 0 0
1.0 0.0 0.0 0.0
-197.756 349.479 -16.8264
0.0 0.0 1.0
255 255 255 255
0.478431 -0.447059
19 0 0 0
1.0 0.0 0.0 0.0
-185.022 360.053 -16.8264
0.0 0.0 1.0
255 255 255 255
0.447059 -0.513725
19 0 0 0
1.0 0.0 0.0 0.0
-181.6 351.119 -16.8264
0.0 0.0 1.0
255 255 255 255
0.478431 -0.521569
19 0 0 0
1.0 0.0 0.0 0.0
-188.689 353.329 15.0552
0.932948 -0.310738 -0.181798
255 255 255 255
0.494118 -0.478431
19 0 0 0
1.0 0.0 0.0 0.0
-189.424 353.68 11.5128
0.940498 -0.29656 -0.165879
255 255 255 255
0.47451 -0.482353
19 0 0 0
1.0 0.0 0.0 0.0
-187.835 347.486 9.44639
0.927103 -0.321042 -0.193421
255 255 255 255
0.462745 -0.443137
19 0 0 0
1.0 0.0 0.0 0.0
-187.135 348.172 13.5792
0.917526 -0.33686 -0.211356
255 255 255 255
0.486275 -0.443137
19 0 0 0
1.0 0.0 0.0 0.0
-189.424 353.68 11.5128
0.733989 0.6438 -0.216293
255 255 255 255
0.321569 -0.466667
19 0 0 0
1.0 0.0 0.0 0.0
-188.689 353.329 15.0552
0.733989 0.6438 -0.216293
255 255 255 255
0.309804 -0.470588
19 0 0 0
1.0 0.0 0.0 0.0
-188.689 353.329 15.0552
-0.0683912 0.806922 -0.586685
255 255 255 255
0.309804 -0.470588
19 0 0 0
1.0 0.0 0.0 0.0
-165.862 361.337 -15.2028
-0.0864533 -0.0309051 0.995776
255 255 255 255
0.45098 -0.603922
19 0 0 0
1.0 0.0 0.0 0.0
-164.363 351.261 -14.76
-0.0957125 -0.00905263 0.995368
255 255 255 255
0.486275 -0.603922
19 0 0 0
1.0 0.0 0.0 0.0
-185.022 360.053 -16.8264
-0.0864533 -0.0309051 0.995776
255 255 255 255
0.447059 -0.513725
19 0 0 0
1.0 0.0 0.0 0.0
-181.6 351.119 -16.8264
-0.11854 0.0453982 0.991911
255 255 255 255
0.478431 -0.521569
19 0 0 0
1.0 0.0 0.0 0.0
-185.022 360.053 -16.8264
-0.11854 0.0453982 0.991911
255 255 255 255
0.447059 -0.513725
19 0 0 0
1.0 0.0 0.0 0.0
-164.363 351.261 -14.76
0.0109 -0.987222 -0.158976
255 255 255 255
0.431373 -0.580392
19 0 0 0
1.0 0.0 0.0 0.0
-164.363 351.261 -14.76
0.140377 -0.98994 -0.0176873
255 255 255 255
0.431373 -0.580392
19 0 0 0
1.0 0.0 0.0 0.0
-164.401 351.554 1.32838
0.11256 -0.986143 0.121867
255 255 255 255
0.360784 -0.580392
19 0 0 0
1.0 0.0 0.0 0.0
-188.689 353.329 15.0552
-0.538336 -0.078004 -0.839113
255 255 255 255
0.47451 -0.482353
19 0 0 0
1.0 0.0 0.0 0.0
-187.135 348.172 13.5792
-0.538336 -0.078004 -0.839113
255 255 255 255
0.494118 -0.486275
19 0 0 0
1.0 0.0 0.0 0.0
-165.881 361.483 1.18078
-0.538336 -0.078004 -0.839113
255 255 255 255
0.454902 -0.603922
19 0 0 0
1.0 0.0 0.0 0.0
-187.135 348.172 13.5792
-0.46328 0.0821506 -0.882396
255 255 255 255
0.494118 -0.486275
19 0 0 0
1.0 0.0 0.0 0.0
-164.401 351.554 1.32838
-0.46328 0.0821506 -0.882396
255 255 255 255
0.490196 -0.607843
19 0 0 0
1.0 0.0 0.0 0.0
-165.881 361.483 1.18078
-0.46328 0.0821506 -0.882396
255 255 255 255
0.454902 -0.603922
19 0 0 0
1.0 0.0 0.0 0.0
-185.154 361.078 3.98518
0.797159 -0.137957 0.587797
255 255 255 255
0.447059 -0.505882
19 0 0 0
1.0 0.0 0.0 0.0
-181.978 354.047 1.32838
0.797159 -0.137957 0.587797
255 255 255 255
0.470588 -0.521569
19 0 0 0
1.0 0.0 0.0 0.0
-189.424 353.68 11.5128
0.797159 -0.137957 0.587797
255 255 255 255
0.470588 -0.478431
19 0 0 0
1.0 0.0 0.0 0.0
-181.978 354.047 1.32838
0.807036 -0.0100353 0.590416
255 255 255 255
0.470588 -0.521569
19 0 0 0
1.0 0.0 0.0 0.0
-187.835 347.486 9.44639
0.807036 -0.0100353 0.590416
255 255 255 255
0.494118 -0.486275
19 0 0 0
1.0 0.0 0.0 0.0
-189.424 353.68 11.5128
0.807036 -0.0100353 0.590416
255 255 255 255
0.470588 -0.478431
19 0 0 0
1.0 0.0 0.0 0.0
-187.135 348.172 13.5792
-0.211582 -0.969334 -0.124995
255 255 255 255
0.313725 -0.466667
19 0 0 0
1.0 0.0 0.0 0.0
-187.835 347.486 9.44639
-0.211582 -0.969334 -0.124995
255 255 255 255
0.329412 -0.462745
19 0 0 0
1.0 0.0 0.0 0.0
-187.835 347.486 9.44639
0.104281 -0.735393 0.669569
255 255 255 255
0.329412 -0.462745
19 0 0 0
1.0 0.0 0.0 0.0
156.477 355.411 -23.7636
-0.99294 -0.118615 1.07394e-006
255 255 255 255
0.907843 -0.215686
24 0 0 0
1.0 0.0 0.0 0.0
158.245 370.213 -14.9076
-0.99294 -0.118615 2.70681e-007
255 255 255 255
0.927451 -0.254902
24 0 0 0
1.0 0.0 0.0 0.0
154.761 341.048 -15.0552
-0.99294 -0.118615 2.78025e-007
255 255 255 255
0.927451 -0.176471
24 0 0 0
1.0 0.0 0.0 0.0
100.825 360.825 -18.0072
0.637706 0.0412513 0.769174
255 255 255 255
0.888235 -0.329412
24 0 0 0
1.0 0.0 0.0 0.0
100.825 348.722 -6.49442
0.599455 -0.800192 -0.0186003
255 255 255 255
0.927451 -0.329412
24 0 0 0
1.0 0.0 0.0 0.0
94.0353 360.825 -7.08482
0.999415 0.0284989 0.0189278
255 255 255 255
0.923529 -0.360784
24 0 0 0
1.0 0.0 0.0 0.0
100.825 371.304 -7.23242
0.53927 0.841327 0.0368397
255 255 255 255
0.923529 -0.329412
24 0 0 0
1.0 0.0 0.0 0.0
108.795 360.53 9.15119
0.300067 0.054467 -0.952362
255 255 255 255
0.982353 -0.294118
24 0 0 0
1.0 0.0 0.0 0.0
109.386 373.961 -6.78962
0.183481 0.983012 -0.00460528
255 255 255 255
0.923529 -0.290196
24 0 0 0
1.0 0.0 0.0 0.0
100.825 360.677 4.72318
0.631313 0.0416325 -0.77441
255 255 255 255
0.966667 -0.329412
24 0 0 0
1.0 0.0 0.0 0.0
109.386 360.53 -23.3208
0.303336 0.0540276 0.951351
255 255 255 255
0.868627 -0.290196
24 0 0 0
1.0 0.0 0.0 0.0
108.795 345.327 -6.78962
0.323466 -0.946236 0.0027681
255 255 255 255
0.927451 -0.294118
24 0 0 0
1.0 0.0 0.0 0.0
156.477 355.411 -23.7636
-0.0472076 0.50868 0.859661
255 255 255 255
0.868627 -0.031373
24 0 0 0
1.0 0.0 0.0 0.0
158.245 370.213 -14.9076
-0.0472076 0.50868 0.859661
255 255 255 255
0.896078 -0.031373
24 0 0 0
1.0 0.0 0.0 0.0
156.494 355.558 11.07
0.0394304 0.00733403 -0.999195
255 255 255 255
0.986275 -0.031373
24 0 0 0
1.0 0.0 0.0 0.0
158.245 370.213 2.36158
-0.038426 0.867802 -0.495423
255 255 255 255
0.958824 -0.031373
24 0 0 0
1.0 0.0 0.0 0.0
154.761 341.048 2.36158
0.120185 -0.852603 -0.50855
255 255 255 255
0.958824 -0.031373
24 0 0 0
1.0 0.0 0.0 0.0
158.245 370.213 -14.9076
0.0451951 0.775321 0.629948
255 255 255 255
0.896078 -0.031373
24 0 0 0
1.0 0.0 0.0 0.0
158.245 370.213 -14.9076
-0.0764808 0.997071 0.0
255 255 255 255
0.896078 -0.031373
24 0 0 0
1.0 0.0 0.0 0.0
156.477 355.411 -23.7636
0.0636902 -0.511838 0.856718
255 255 255 255
0.868627 -0.031373
24 0 0 0
1.0 0.0 0.0 0.0
154.761 341.048 -15.0552
0.0636902 -0.511838 0.856718
255 255 255 255
0.896078 -0.031373
24 0 0 0
1.0 0.0 0.0 0.0
154.761 341.048 -15.0552
0.187212 -0.719709 0.668558
255 255 255 255
0.896078 -0.031373
24 0 0 0
1.0 0.0 0.0 0.0
154.761 341.048 -15.0552
0.0926804 -0.995696 0.0
255 255 255 255
0.896078 -0.031373
24 0 0 0
1.0 0.0 0.0 0.0
156.494 355.558 11.07
-0.99294 -0.118615 3.20875e-006
255 255 255 255
0.982353 -0.215686
24 0 0 0
1.0 0.0 0.0 0.0
154.761 341.048 2.36158
-0.99294 -0.118615 3.20875e-006
255 255 255 255
0.966667 -0.176471
24 0 0 0
1.0 0.0 0.0 0.0
158.245 370.213 2.36158
-0.99294 -0.118615 3.20875e-006
255 255 255 255
0.966667 -0.254902
24 0 0 0
1.0 0.0 0.0 0.0
158.245 370.213 2.36158
-0.99294 -0.118615 0.0
255 255 255 255
0.966667 -0.254902
24 0 0 0
1.0 0.0 0.0 0.0
158.245 370.213 2.36158
-0.99294 -0.118615 0.0
255 255 255 255
0.966667 -0.254902
24 0 0 0
1.0 0.0 0.0 0.0
154.761 341.048 2.36158
-0.99294 -0.118615 0.0
255 255 255 255
0.966667 -0.176471
24 0 0 0
1.0 0.0 0.0 0.0
172.158 353.984 1.32838
-0.00490026 -0.978141 0.207887
255 255 255 255
0.364706 -0.501961
26 0 0 0
1.0 0.0 0.0 0.0
171.808 351.053 -16.8264
0.133333 -0.966488 -0.219369
255 255 255 255
0.439216 -0.498039
26 0 0 0
1.0 0.0 0.0 0.0
191.105 351.126 2.21398
-0.504329 -0.852861 -0.135203
255 255 255 255
0.360784 -0.423529
26 0 0 0
1.0 0.0 0.0 0.0
187.056 345.069 -15.0552
-0.231262 -0.933725 -0.273267
255 255 255 255
0.431373 -0.427451
26 0 0 0
1.0 0.0 0.0 0.0
153.771 361.531 1.18078
-0.00863118 0.993077 -0.117151
255 255 255 255
0.364706 -0.588235
26 0 0 0
1.0 0.0 0.0 0.0
175.547 361.011 3.98518
-0.0985157 0.968149 -0.230181
255 255 255 255
0.352941 -0.501961
26 0 0 0
1.0 0.0 0.0 0.0
153.754 361.385 -15.2028
-0.042323 0.998694 0.0286252
255 255 255 255
0.431373 -0.588235
26 0 0 0
1.0 0.0 0.0 0.0
175.425 359.985 -16.8264
-0.252134 0.956555 0.146391
255 255 255 255
0.439216 -0.498039
26 0 0 0
1.0 0.0 0.0 0.0
190.003 349.325 -16.8264
-0.962095 0.104031 0.252092
255 255 255 255
0.439216 -0.423529
26 0 0 0
1.0 0.0 0.0 0.0
194.03 356.128 2.36158
-0.879854 0.441454 0.175996
255 255 255 255
0.360784 -0.423529
26 0 0 0
1.0 0.0 0.0 0.0
194.03 356.128 2.36158
-0.0689969 -0.0697203 -0.995178
255 255 255 255
0.454902 -0.423529
26 0 0 0
1.0 0.0 0.0 0.0
175.547 361.011 3.98518
-0.0689969 -0.0697203 -0.995178
255 255 255 255
0.447059 -0.505882
26 0 0 0
1.0 0.0 0.0 0.0
191.105 351.126 2.21398
-0.0689969 -0.0697203 -0.995178
255 255 255 255
0.47451 -0.435294
26 0 0 0
1.0 0.0 0.0 0.0
191.105 351.126 2.21398
0.0914361 -0.313261 -0.945255
255 255 255 255
0.47451 -0.435294
26 0 0 0
1.0 0.0 0.0 0.0
175.547 361.011 3.98518
0.0914361 -0.313261 -0.945255
255 255 255 255
0.447059 -0.505882
26 0 0 0
1.0 0.0 0.0 0.0
172.158 353.984 1.32838
0.0914361 -0.313261 -0.945255
255 255 255 255
0.470588 -0.521569
26 0 0 0
1.0 0.0 0.0 0.0
187.056 345.069 -15.0552
0.0345151 -0.363513 0.93095
255 255 255 255
0.490196 -0.454902
26 0 0 0
1.0 0.0 0.0 0.0
171.808 351.053 -16.8264
0.0345151 -0.363513 0.93095
255 255 255 255
0.478431 -0.521569
26 0 0 0
1.0 0.0 0.0 0.0
190.003 349.325 -16.8264
0.0345151 -0.363513 0.93095
255 255 255 255
0.478431 -0.447059
26 0 0 0
1.0 0.0 0.0 0.0
190.003 349.325 -16.8264
0.0 0.0 1.0
255 255 255 255
0.478431 -0.447059
26 0 0 0
1.0 0.0 0.0 0.0
171.808 351.053 -16.8264
0.0 0.0 1.0
255 255 255 255
0.478431 -0.521569
26 0 0 0
1.0 0.0 0.0 0.0
175.425 359.985 -16.8264
0.0 0.0 1.0
255 255 255 255
0.447059 -0.513725
26 0 0 0
1.0 0.0 0.0 0.0
179.717 353.229 15.0552
-0.92462 -0.322424 -0.202782
255 255 255 255
0.494118 -0.478431
26 0 0 0
1.0 0.0 0.0 0.0
178.907 347.38 9.44639
-0.917743 -0.333644 -0.215476
255 255 255 255
0.462745 -0.443137
26 0 0 0
1.0 0.0 0.0 0.0
180.534 353.578 11.5128
-0.933541 -0.306876 -0.18528
255 255 255 255
0.47451 -0.482353
26 0 0 0
1.0 0.0 0.0 0.0
178.103 348.071 13.5792
-0.906457 -0.350843 -0.235042
255 255 255 255
0.486275 -0.443137
26 0 0 0
1.0 0.0 0.0 0.0
180.534 353.578 11.5128
-0.687153 0.690317 -0.226456
255 255 255 255
0.321569 -0.466667
26 0 0 0
1.0 0.0 0.0 0.0
179.717 353.229 15.0552
-0.687153 0.690317 -0.226456
255 255 255 255
0.309804 -0.470588
26 0 0 0
1.0 0.0 0.0 0.0
179.717 353.229 15.0552
0.0565028 0.806643 -0.588332
255 255 255 255
0.309804 -0.470588
26 0 0 0
1.0 0.0 0.0 0.0
153.754 361.385 -15.2028
0.0768318 -0.033668 0.996475
255 255 255 255
0.45098 -0.603922
26 0 0 0
1.0 0.0 0.0 0.0
175.425 359.985 -16.8264
0.0768318 -0.033668 0.996475
255 255 255 255
0.447059 -0.513725
26 0 0 0
1.0 0.0 0.0 0.0
152.437 351.285 -14.76
0.0842453 -0.0140481 0.996346
255 255 255 255
0.486275 -0.603922
26 0 0 0
1.0 0.0 0.0 0.0
175.425 359.985 -16.8264
0.105467 0.0427014 0.993506
255 255 255 255
0.447059 -0.513725
26 0 0 0
1.0 0.0 0.0 0.0
171.808 351.053 -16.8264
0.105467 0.0427014 0.993506
255 255 255 255
0.478431 -0.521569
26 0 0 0
1.0 0.0 0.0 0.0
152.437 351.285 -14.76
-0.00512124 -0.987218 -0.159292
255 255 255 255
0.431373 -0.580392
26 0 0 0
1.0 0.0 0.0 0.0
152.437 351.285 -14.76
-0.121254 -0.992462 -0.0178148
255 255 255 255
0.431373 -0.580392
26 0 0 0
1.0 0.0 0.0 0.0
152.472 351.579 1.32838
-0.0978835 -0.989033 0.110604
255 255 255 255
0.360784 -0.580392
26 0 0 0
1.0 0.0 0.0 0.0
179.717 353.229 15.0552
0.492589 -0.0934523 -0.86523
255 255 255 255
0.47451 -0.482353
26 0 0 0
1.0 0.0 0.0 0.0
153.771 361.531 1.18078
0.492589 -0.0934523 -0.86523
255 255 255 255
0.454902 -0.603922
26 0 0 0
1.0 0.0 0.0 0.0
178.103 348.071 13.5792
0.492589 -0.0934523 -0.86523
255 255 255 255
0.494118 -0.486275
26 0 0 0
1.0 0.0 0.0 0.0
178.103 348.071 13.5792
0.422565 0.0685878 -0.903733
255 255 255 255
0.494118 -0.486275
26 0 0 0
1.0 0.0 0.0 0.0
153.771 361.531 1.18078
0.422565 0.0685878 -0.903733
255 255 255 255
0.454902 -0.603922
26 0 0 0
1.0 0.0 0.0 0.0
152.472 351.579 1.32838
0.422565 0.0685878 -0.903733
255 255 255 255
0.490196 -0.607843
26 0 0 0
1.0 0.0 0.0 0.0
175.547 361.011 3.98518
-0.763371 -0.128847 0.63298
255 255 255 255
0.447059 -0.505882
26 0 0 0
1.0 0.0 0.0 0.0
180.534 353.578 11.5128
-0.763371 -0.128847 0.63298
255 255 255 255
0.470588 -0.478431
26 0 0 0
1.0 0.0 0.0 0.0
172.158 353.984 1.32838
-0.763371 -0.128847 0.63298
255 255 255 255
0.470588 -0.521569
26 0 0 0
1.0 0.0 0.0 0.0
172.158 353.984 1.32838
-0.772479 0.00890216 0.634978
255 255 255 255
0.470588 -0.521569
26 0 0 0
1.0 0.0 0.0 0.0
180.534 353.578 11.5128
-0.772479 0.00890216 0.634978
255 255 255 255
0.470588 -0.478431
26 0 0 0
1.0 0.0 0.0 0.0
178.907 347.38 9.44639
-0.772479 0.00890216 0.634978
255 255 255 255
0.494118 -0.486275
26 0 0 0
1.0 0.0 0.0 0.0
178.103 348.071 13.5792
0.192974 -0.973198 -0.125083
255 255 255 255
0.313725 -0.466667
26 0 0 0
1.0 0.0 0.0 0.0
178.907 347.38 9.44639
0.192974 -0.973198 -0.125083
255 255 255 255
0.329412 -0.462745
26 0 0 0
1.0 0.0 0.0 0.0
178.907 347.38 9.44639
-0.089771 -0.734777 0.672342
255 255 255 255
0.329412 -0.462745
26 0 0 0
1.0 0.0 0.0 0.0
-13.0014 410.323 -6.78962
0.915364 -0.35931 0.181672
255 255 255 255
0.007843 -0.643137
12 0 0 0
1.0 0.0 0.0 0.0
-7.24496 398.81 -7.52762
0.888404 -0.434754 0.147398
255 255 255 255
0.011765 -0.576471
12 0 0 0
1.0 0.0 0.0 0.0
-12.5586 404.714 7.08478
0.943254 -0.313727 0.108846
255 255 255 255
0.07451 -0.623529
12 0 0 0
1.0 0.0 0.0 0.0
12.8287 398.072 21.5496
-0.971134 -0.20028 0.12956
255 255 255 255
0.141176 -0.596078
12 0 0 0
1.0 0.0 0.0 0.0
11.9431 390.84 11.3652
-0.997495 -0.0397064 0.0585414
255 255 255 255
0.101961 -0.541176
12 0 0 0
1.0 0.0 0.0 0.0
12.2383 404.567 7.08478
-0.947031 -0.302441 0.107986
255 255 255 255
0.07451 -0.619608
12 0 0 0
1.0 0.0 0.0 0.0
15.1903 421.541 -6.49442
-0.407809 0.0776996 0.909755
255 255 255 255
0.101961 -1.0
12 0 0 0
1.0 0.0 0.0 0.0
-0.307754 421.983 -13.7268
-0.00968236 0.0839091 0.996426
255 255 255 255
0.094118 -0.909804
12 0 0 0
1.0 0.0 0.0 0.0
11.5003 437.186 -3.83762
-0.349828 0.304568 0.885922
255 255 255 255
0.172549 -0.980392
12 0 0 0
1.0 0.0 0.0 0.0
-0.602954 437.481 -7.52762
-0.0153849 0.371599 0.928266
255 255 255 255
0.168627 -0.905882
12 0 0 0
1.0 0.0 0.0 0.0
-4.29296 404.862 35.2764
0.65894 0.112061 -0.743802
255 255 255 255
0.341176 -0.745098
12 0 0 0
1.0 0.0 0.0 0.0
-3.25975 411.209 34.0956
0.653017 0.200045 -0.730445
255 255 255 255
0.345098 -0.803922
12 0 0 0
1.0 0.0 0.0 0.0
-7.83536 402.057 34.8336
0.413903 -0.0662902 -0.907904
255 255 255 255
0.313725 -0.737255
12 0 0 0
1.0 0.0 0.0 0.0
-5.32616 390.84 33.21
0.472365 -0.109026 -0.874634
255 255 255 255
0.329412 -0.65098
12 0 0 0
1.0 0.0 0.0 0.0
-9.90176 387.445 28.1916
0.419263 -0.8929 -0.164157
255 255 255 255
0.298039 -0.623529
12 0 0 0
1.0 0.0 0.0 0.0
-3.55495 387.445 34.0956
0.248449 -0.428792 -0.868568
255 255 255 255
0.345098 -0.627451
12 0 0 0
1.0 0.0 0.0 0.0
-13.149 410.766 30.7008
0.516594 0.161361 -0.840888
255 255 255 255
0.278431 -0.8
12 0 0 0
1.0 0.0 0.0 0.0
-13.0014 415.489 30.5532
0.552063 -0.107136 -0.82689
255 255 255 255
0.278431 -0.839216
12 0 0 0
1.0 0.0 0.0 0.0
-17.577 416.965 22.878
0.907624 0.00189584 -0.419779
255 255 255 255
0.243137 -0.85098
12 0 0 0
1.0 0.0 0.0 0.0
-19.3482 419.327 8.56079
0.993177 -0.0997757 0.060374
255 255 255 255
0.070588 -0.709804
12 0 0 0
1.0 0.0 0.0 0.0
-17.577 416.965 22.878
0.980377 0.135088 -0.143566
255 255 255 255
0.137255 -0.709804
12 0 0 0
1.0 0.0 0.0 0.0
-16.6914 434.529 12.3984
0.983777 0.175582 0.036803
255 255 255 255
0.078431 -0.807843
12 0 0 0
1.0 0.0 0.0 0.0
15.4855 426.411 27.4536
-0.98409 0.161519 -0.074014
255 255 255 255
0.14902 -0.772549
12 0 0 0
1.0 0.0 0.0 0.0
17.4043 416.817 22.878
-0.997929 -0.0576545 0.028526
255 255 255 255
0.137255 -0.709804
12 0 0 0
1.0 0.0 0.0 0.0
15.3379 433.939 12.9888
-0.972399 0.229611 0.0414568
255 255 255 255
0.082353 -0.803922
12 0 0 0
1.0 0.0 0.0 0.0
1.61105 402.795 42.3612
-0.472406 -0.347937 -0.809797
255 255 255 255
0.380392 -0.733333
12 0 0 0
1.0 0.0 0.0 0.0
2.93945 411.209 34.0956
-0.644558 0.197034 -0.73873
255 255 255 255
0.388235 -0.803922
12 0 0 0
1.0 0.0 0.0 0.0
0.873047 413.718 36.9
-0.416832 0.0895637 -0.90456
255 255 255 255
0.376471 -0.823529
12 0 0 0
1.0 0.0 0.0 0.0
3.82505 404.714 35.2764
-0.652205 0.0845841 -0.753308
255 255 255 255
0.4 -0.745098
12 0 0 0
1.0 0.0 0.0 0.0
15.0427 418.146 29.6676
-0.774494 -0.211719 -0.596099
255 255 255 255
0.478431 -0.858824
12 0 0 0
1.0 0.0 0.0 0.0
17.4043 416.817 22.878
-0.946039 0.0355941 -0.322093
255 255 255 255
0.494118 -0.85098
12 0 0 0
1.0 0.0 0.0 0.0
15.4855 426.411 27.4536
-0.946039 0.0355941 -0.322093
255 255 255 255
0.478431 -0.921569
12 0 0 0
1.0 0.0 0.0 0.0
5.89145 436.743 28.9296
-0.212545 0.51588 -0.829875
255 255 255 255
0.411765 -1.0
12 0 0 0
1.0 0.0 0.0 0.0
-7.98296 436.743 28.9296
0.242078 0.484036 -0.840897
255 255 255 255
0.313725 -1.0
12 0 0 0
1.0 0.0 0.0 0.0
-0.307754 427.002 35.1288
-0.000613904 0.384674 -0.923052
255 255 255 255
0.368627 -0.92549
12 0 0 0
1.0 0.0 0.0 0.0
-1.34095 413.718 36.9
0.58451 -0.0446697 -0.810156
255 255 255 255
0.360784 -0.823529
12 0 0 0
1.0 0.0 0.0 0.0
-2.81695 416.522 38.0808
0.358175 -0.260949 -0.896446
255 255 255 255
0.34902 -0.847059
12 0 0 0
1.0 0.0 0.0 0.0
2.34905 416.375 38.0808
-0.221603 -0.185645 -0.957303
255 255 255 255
0.388235 -0.847059
12 0 0 0
1.0 0.0 0.0 0.0
-15.9534 426.411 27.4536
0.808387 0.25301 -0.531503
255 255 255 255
0.254902 -0.921569
12 0 0 0
1.0 0.0 0.0 0.0
-16.2486 418.146 29.6676
0.802739 -0.256388 -0.5384
255 255 255 255
0.254902 -0.858824
12 0 0 0
1.0 0.0 0.0 0.0
-11.673 427.74 31.8816
0.531369 0.32028 -0.784263
255 255 255 255
0.286275 -0.933333
12 0 0 0
1.0 0.0 0.0 0.0
7.36745 402.057 34.8336
-0.404541 -0.0657683 -0.912152
255 255 255 255
0.423529 -0.737255
12 0 0 0
1.0 0.0 0.0 0.0
-2.07895 403.091 42.3612
0.488841 -0.276526 -0.827386
255 255 255 255
0.352941 -0.733333
12 0 0 0
1.0 0.0 0.0 0.0
11.9431 390.84 11.3652
-0.958012 -0.266449 -0.105912
255 255 255 255
0.486275 -0.643137
12 0 0 0
1.0 0.0 0.0 0.0
12.8287 398.072 21.5496
-0.958012 -0.266449 -0.105912
255 255 255 255
0.470588 -0.690196
12 0 0 0
1.0 0.0 0.0 0.0
9.13865 387.445 28.1916
-0.88443 -0.0155864 -0.466412
255 255 255 255
0.435294 -0.615686
12 0 0 0
1.0 0.0 0.0 0.0
9.13865 387.445 28.1916
-0.268615 -0.947087 0.175706
255 255 255 255
0.435294 -0.623529
12 0 0 0
1.0 0.0 0.0 0.0
2.20145 385.231 29.52
-0.135845 -0.985632 -0.100378
255 255 255 255
0.384314 -0.611765
12 0 0 0
1.0 0.0 0.0 0.0
5.44865 387.74 20.9592
-0.170682 -0.965138 0.198437
255 255 255 255
0.407843 -0.627451
12 0 0 0
1.0 0.0 0.0 0.0
-2.66935 415.046 33.948
0.655207 -0.397435 -0.642456
255 255 255 255
0.34902 -0.835294
12 0 0 0
1.0 0.0 0.0 0.0
18.8803 419.327 8.56079
-0.996193 -0.0574394 0.065583
255 255 255 255
0.070588 -0.709804
12 0 0 0
1.0 0.0 0.0 0.0
-13.149 398.072 21.5496
0.83939 -0.422761 -0.34161
255 255 255 255
0.239216 -0.705882
12 0 0 0
1.0 0.0 0.0 0.0
-17.7246 409.29 28.044
0.833963 -0.488624 -0.256423
255 255 255 255
0.235294 -0.792157
12 0 0 0
1.0 0.0 0.0 0.0
-9.90176 387.445 28.1916
0.777918 0.144506 -0.611524
255 255 255 255
0.282353 -0.623529
12 0 0 0
1.0 0.0 0.0 0.0
-2.81695 385.231 29.52
0.132766 -0.986023 -0.100655
255 255 255 255
0.34902 -0.611765
12 0 0 0
1.0 0.0 0.0 0.0
-6.21176 387.74 20.9592
0.111526 -0.964709 0.238534
255 255 255 255
0.32549 -0.627451
12 0 0 0
1.0 0.0 0.0 0.0
-3.40735 400.729 35.2764
0.268076 -0.390501 -0.880707
255 255 255 255
0.345098 -0.721569
12 0 0 0
1.0 0.0 0.0 0.0
12.5335 415.489 30.5532
-0.556143 -0.0621435 -0.82876
255 255 255 255
0.458824 -0.839216
12 0 0 0
1.0 0.0 0.0 0.0
12.5335 410.766 30.7008
-0.50092 0.16589 -0.849447
255 255 255 255
0.458824 -0.8
12 0 0 0
1.0 0.0 0.0 0.0
17.4043 416.817 22.878
-0.842892 0.0168065 -0.537821
255 255 255 255
0.494118 -0.85098
12 0 0 0
1.0 0.0 0.0 0.0
-17.577 416.965 22.878
0.969403 -0.123965 0.211874
255 255 255 255
0.137255 -0.709804
12 0 0 0
1.0 0.0 0.0 0.0
-17.7246 409.29 28.044
0.969403 -0.123965 0.211874
255 255 255 255
0.164706 -0.670588
12 0 0 0
1.0 0.0 0.0 0.0
-17.7246 409.29 28.044
0.520754 0.0853699 -0.849427
255 255 255 255
0.243137 -0.792157
12 0 0 0
1.0 0.0 0.0 0.0
17.5519 409.29 28.044
-0.553183 0.287334 -0.781939
255 255 255 255
0.494118 -0.792157
12 0 0 0
1.0 0.0 0.0 0.0
12.8287 398.072 21.5496
-0.790166 0.103223 -0.604138
255 255 255 255
0.470588 -0.690196
12 0 0 0
1.0 0.0 0.0 0.0
4.85825 390.84 33.21
-0.790166 0.103223 -0.604138
255 255 255 255
0.396078 -0.643137
12 0 0 0
1.0 0.0 0.0 0.0
4.85825 390.84 33.21
0.0 0.25242 -0.967618
255 255 255 255
0.403922 -0.65098
12 0 0 0
1.0 0.0 0.0 0.0
2.93945 387.445 34.0956
-0.246915 -0.431713 -0.867558
255 255 255 255
0.392157 -0.627451
12 0 0 0
1.0 0.0 0.0 0.0
9.13865 387.445 28.1916
-0.345667 -0.865321 -0.362951
255 255 255 255
0.435294 -0.623529
12 0 0 0
1.0 0.0 0.0 0.0
-13.0014 436.301 -4.42802
0.356693 0.899136 0.253622
255 255 255 255
0.156863 -0.976471
12 0 0 0
1.0 0.0 0.0 0.0
-7.39256 442.647 10.1844
0.277755 0.960632 -0.00617556
255 255 255 255
0.090196 -0.941176
12 0 0 0
1.0 0.0 0.0 0.0
-0.602954 437.481 -7.52762
0.172207 0.925955 0.336083
255 255 255 255
0.168627 -0.901961
12 0 0 0
1.0 0.0 0.0 0.0
-15.9534 426.411 27.4536
0.769199 0.545941 -0.332086
255 255 255 255
0.011765 -0.996078
12 0 0 0
1.0 0.0 0.0 0.0
-7.98296 436.743 28.9296
0.769199 0.545941 -0.332086
255 255 255 255
0.003922 -0.945098
12 0 0 0
1.0 0.0 0.0 0.0
-16.6914 434.529 12.3984
0.769199 0.545941 -0.332086
255 255 255 255
0.078431 -1.0
12 0 0 0
1.0 0.0 0.0 0.0
-15.5106 421.393 -6.49442
0.968952 -0.00186421 0.247244
255 255 255 255
0.0 -0.709804
12 0 0 0
1.0 0.0 0.0 0.0
-13.0014 436.301 -4.42802
0.957088 0.191272 0.217711
255 255 255 255
0.0 -0.803922
12 0 0 0
1.0 0.0 0.0 0.0
-13.0014 436.301 -4.42802
0.958466 0.214848 0.187574
255 255 255 255
0.0 -0.803922
12 0 0 0
1.0 0.0 0.0 0.0
4.85825 390.84 33.21
-0.676145 -0.196966 -0.709953
255 255 255 255
0.403922 -0.65098
12 0 0 0
1.0 0.0 0.0 0.0
9.13865 387.445 28.1916
-0.676145 -0.196966 -0.709953
255 255 255 255
0.435294 -0.623529
12 0 0 0
1.0 0.0 0.0 0.0
15.1903 421.541 -6.49442
-0.939837 0.284945 0.188449
255 255 255 255
0.0 -0.713725
12 0 0 0
1.0 0.0 0.0 0.0
-16.6914 434.529 12.3984
0.66524 0.743562 0.0676169
255 255 255 255
0.078431 -1.0
12 0 0 0
1.0 0.0 0.0 0.0
12.6811 378.146 5.01838
-0.383606 -0.877185 0.288778
255 255 255 255
0.227451 -0.470588
12 0 0 0
1.0 0.0 0.0 0.0
-0.0125536 373.275 2.95198
0.00462594 -0.952739 0.303754
255 255 255 255
0.227451 -0.501961
12 0 0 0
1.0 0.0 0.0 0.0
8.54825 384.493 -10.9224
-0.383745 -0.819439 0.425746
255 255 255 255
0.152941 -0.466667
12 0 0 0
1.0 0.0 0.0 0.0
-12.5586 378.146 4.87078
0.38458 -0.876451 0.289709
255 255 255 255
0.227451 -0.470588
12 0 0 0
1.0 0.0 0.0 0.0
-8.13056 384.345 -11.07
0.383345 -0.819851 0.425314
255 255 255 255
0.152941 -0.466667
12 0 0 0
1.0 0.0 0.0 0.0
15.1903 421.541 -6.49442
-0.944035 -0.201643 0.261034
255 255 255 255
0.0 -0.713725
12 0 0 0
1.0 0.0 0.0 0.0
12.6811 410.175 -6.78962
-0.925434 -0.338154 0.17095
255 255 255 255
0.007843 -0.643137
12 0 0 0
1.0 0.0 0.0 0.0
11.3527 427.74 31.8816
-0.5489 0.350388 -0.758905
255 255 255 255
0.45098 -0.933333
12 0 0 0
1.0 0.0 0.0 0.0
2.34905 416.375 38.0808
-0.826615 -0.535773 -0.172209
255 255 255 255
0.384314 -0.85098
12 0 0 0
1.0 0.0 0.0 0.0
0.873047 413.718 36.9
-0.826615 -0.535773 -0.172209
255 255 255 255
0.376471 -0.827451
12 0 0 0
1.0 0.0 0.0 0.0
2.34905 415.046 33.948
-0.826615 -0.535773 -0.172209
255 255 255 255
0.384314 -0.839216
12 0 0 0
1.0 0.0 0.0 0.0
-7.98296 436.743 28.9296
0.0 0.953809 -0.300412
255 255 255 255
0.003922 -0.945098
12 0 0 0
1.0 0.0 0.0 0.0
5.89145 436.743 28.9296
0.0 0.953809 -0.300412
255 255 255 255
0.003922 -0.862745
12 0 0 0
1.0 0.0 0.0 0.0
5.89145 436.743 28.9296
-0.030653 0.959381 -0.280444
255 255 255 255
0.003922 -0.862745
12 0 0 0
1.0 0.0 0.0 0.0
6.03905 441.614 12.2508
-0.324704 0.943448 -0.0668853
255 255 255 255
0.078431 -0.862745
12 0 0 0
1.0 0.0 0.0 0.0
-0.602954 437.481 -7.52762
-0.110952 0.9647 0.23884
255 255 255 255
0.168627 -0.901961
12 0 0 0
1.0 0.0 0.0 0.0
11.5003 437.186 -3.83762
-0.0949602 0.967571 0.234069
255 255 255 255
0.152941 -0.827451
12 0 0 0
1.0 0.0 0.0 0.0
-0.602954 437.481 -7.52762
-0.0949602 0.967571 0.234069
255 255 255 255
0.168627 -0.901961
12 0 0 0
1.0 0.0 0.0 0.0
-6.06416 373.571 18.3024
-0.0126272 -0.999627 -0.0242021
255 255 255 255
0.184314 -0.470588
12 0 0 0
1.0 0.0 0.0 0.0
-0.0125536 373.275 2.95198
-0.0126272 -0.999627 -0.0242021
255 255 255 255
0.211765 -0.501961
12 0 0 0
1.0 0.0 0.0 0.0
6.18665 373.718 18.0072
-0.0126272 -0.999627 -0.0242021
255 255 255 255
0.239216 -0.470588
12 0 0 0
1.0 0.0 0.0 0.0
-0.307754 409.733 -11.808
-0.00232634 -0.177246 0.984164
255 255 255 255
0.043137 -0.905882
12 0 0 0
1.0 0.0 0.0 0.0
-13.0014 410.323 -6.78962
0.369615 -0.143782 0.917993
255 255 255 255
0.054902 -0.831373
12 0 0 0
1.0 0.0 0.0 0.0
-13.0014 410.323 -6.78962
0.426162 -0.0725505 0.901733
255 255 255 255
0.054902 -0.831373
12 0 0 0
1.0 0.0 0.0 0.0
-15.5106 421.393 -6.49442
0.426162 -0.0725505 0.901733
255 255 255 255
0.101961 -0.811765
12 0 0 0
1.0 0.0 0.0 0.0
-13.0014 436.301 -4.42802
0.258421 0.354528 0.898626
255 255 255 255
0.168627 -0.831373
12 0 0 0
1.0 0.0 0.0 0.0
-6.06416 373.571 18.3024
0.376116 -0.917317 0.130636
255 255 255 255
0.286275 -0.470588
12 0 0 0
1.0 0.0 0.0 0.0
11.5003 437.186 -3.83762
-0.952628 0.25327 0.168389
255 255 255 255
0.003922 -0.811765
12 0 0 0
1.0 0.0 0.0 0.0
15.1903 421.541 -6.49442
-0.952628 0.25327 0.168389
255 255 255 255
0.0 -0.713725
12 0 0 0
1.0 0.0 0.0 0.0
4.85825 390.84 33.21
-0.653594 -0.249613 -0.714499
255 255 255 255
0.403922 -0.65098
12 0 0 0
1.0 0.0 0.0 0.0
2.79185 401.024 35.2764
-0.293998 -0.414934 -0.861043
255 255 255 255
0.388235 -0.721569
12 0 0 0
1.0 0.0 0.0 0.0
2.34905 415.046 33.948
-0.855433 0.150663 -0.495515
255 255 255 255
0.388235 -0.835294
12 0 0 0
1.0 0.0 0.0 0.0
-17.577 416.965 22.878
0.904465 -0.424486 -0.0418743
255 255 255 255
0.137255 -0.709804
12 0 0 0
1.0 0.0 0.0 0.0
-15.5106 421.393 -6.49442
0.427547 0.19434 0.882857
255 255 255 255
0.101961 -0.811765
12 0 0 0
1.0 0.0 0.0 0.0
-13.0014 436.301 -4.42802
0.427547 0.19434 0.882857
255 255 255 255
0.168627 -0.831373
12 0 0 0
1.0 0.0 0.0 0.0
-12.5586 378.146 4.87078
0.998519 -0.00451818 -0.0542182
255 255 255 255
0.247059 -0.466667
12 0 0 0
1.0 0.0 0.0 0.0
-12.2634 390.84 11.3652
0.998519 -0.00451818 -0.0542182
255 255 255 255
0.25098 -0.54902
12 0 0 0
1.0 0.0 0.0 0.0
-12.5586 404.714 7.08478
0.998519 -0.00451818 -0.0542182
255 255 255 255
0.215686 -0.619608
12 0 0 0
1.0 0.0 0.0 0.0
7.66265 398.81 -7.52762
-0.910117 -0.393429 0.129999
255 255 255 255
0.011765 -0.576471
12 0 0 0
1.0 0.0 0.0 0.0
12.6811 410.175 -6.78962
-0.36156 -0.0994535 0.927029
255 255 255 255
0.054902 -0.988235
12 0 0 0
1.0 0.0 0.0 0.0
7.66265 398.81 -7.52762
-0.36156 -0.0994535 0.927029
255 255 255 255
0.003922 -0.956863
12 0 0 0
1.0 0.0 0.0 0.0
-7.24496 398.81 -7.52762
0.369792 -0.125887 0.920547
255 255 255 255
0.003922 -0.862745
12 0 0 0
1.0 0.0 0.0 0.0
-13.0014 410.323 -6.78962
0.369792 -0.125887 0.920547
255 255 255 255
0.054902 -0.831373
12 0 0 0
1.0 0.0 0.0 0.0
15.4855 426.411 27.4536
-0.744256 0.135319 -0.654043
255 255 255 255
0.478431 -0.921569
12 0 0 0
1.0 0.0 0.0 0.0
17.4043 416.817 22.878
-0.734236 -0.571071 -0.367118
255 255 255 255
0.494118 -0.85098
12 0 0 0
1.0 0.0 0.0 0.0
4.85825 390.84 33.21
0.0 -0.198846 -0.980031
255 255 255 255
0.403922 -0.65098
12 0 0 0
1.0 0.0 0.0 0.0
4.85825 390.84 33.21
-0.133101 -0.171069 -0.976227
255 255 255 255
0.403922 -0.65098
12 0 0 0
1.0 0.0 0.0 0.0
12.6811 410.175 -6.78962
-0.361491 -0.0556352 0.930714
255 255 255 255
0.054902 -0.988235
12 0 0 0
1.0 0.0 0.0 0.0
17.4043 416.817 22.878
-0.515974 0.491558 -0.701528
255 255 255 255
0.494118 -0.85098
12 0 0 0
1.0 0.0 0.0 0.0
-17.7246 409.29 28.044
0.55153 0.473046 -0.687053
255 255 255 255
0.243137 -0.792157
12 0 0 0
1.0 0.0 0.0 0.0
17.5519 409.29 28.044
-0.967741 -0.129387 0.216185
255 255 255 255
0.164706 -0.670588
12 0 0 0
1.0 0.0 0.0 0.0
2.34905 415.046 33.948
-0.318211 -0.902543 -0.290098
255 255 255 255
0.388235 -0.835294
12 0 0 0
1.0 0.0 0.0 0.0
-15.9534 426.411 27.4536
0.987047 0.115933 -0.110898
255 255 255 255
0.152941 -0.772549
12 0 0 0
1.0 0.0 0.0 0.0
-17.577 416.965 22.878
0.987047 0.115933 -0.110898
255 255 255 255
0.137255 -0.709804
12 0 0 0
1.0 0.0 0.0 0.0
12.2383 404.567 7.08478
-0.948883 0.0403862 0.313035
255 255 255 255
0.215686 -0.619608
12 0 0 0
1.0 0.0 0.0 0.0
12.6811 378.146 5.01838
-0.948883 0.0403862 0.313035
255 255 255 255
0.247059 -0.466667
12 0 0 0
1.0 0.0 0.0 0.0
7.66265 398.81 -7.52762
-0.948883 0.0403862 0.313035
255 255 255 255
0.164706 -0.560784
12 0 0 0
1.0 0.0 0.0 0.0
12.6811 378.146 5.01838
-0.971899 0.109524 0.208367
255 255 255 255
0.247059 -0.466667
12 0 0 0
1.0 0.0 0.0 0.0
8.54825 384.493 -10.9224
-0.971899 0.109524 0.208367
255 255 255 255
0.172549 -0.470588
12 0 0 0
1.0 0.0 0.0 0.0
7.66265 398.81 -7.52762
-0.971899 0.109524 0.208367
255 255 255 255
0.164706 -0.560784
12 0 0 0
1.0 0.0 0.0 0.0
2.34905 415.046 33.948
-0.315458 0.0183218 -0.948763
255 255 255 255
0.388235 -0.835294
12 0 0 0
1.0 0.0 0.0 0.0
2.34905 415.046 33.948
-0.335889 0.0877436 -0.937806
255 255 255 255
0.388235 -0.835294
12 0 0 0
1.0 0.0 0.0 0.0
-7.98296 436.743 28.9296
0.611242 0.7602 -0.220181
255 255 255 255
0.003922 -0.945098
12 0 0 0
1.0 0.0 0.0 0.0
-16.6914 434.529 12.3984
0.611242 0.7602 -0.220181
255 255 255 255
0.078431 -1.0
12 0 0 0
1.0 0.0 0.0 0.0
12.8287 398.072 21.5496
-0.82824 -0.497756 -0.257404
255 255 255 255
0.482353 -0.717647
12 0 0 0
1.0 0.0 0.0 0.0
17.5519 409.29 28.044
-0.82824 -0.497756 -0.257404
255 255 255 255
0.490196 -0.803922
12 0 0 0
1.0 0.0 0.0 0.0
4.85825 390.84 33.21
-0.82824 -0.497756 -0.257404
255 255 255 255
0.407843 -0.654902
12 0 0 0
1.0 0.0 0.0 0.0
-17.7246 409.29 28.044
0.665805 -0.250646 -0.702766
255 255 255 255
0.243137 -0.792157
12 0 0 0
1.0 0.0 0.0 0.0
2.34905 415.046 33.948
-0.314929 0.0296447 -0.948652
255 255 255 255
0.388235 -0.835294
12 0 0 0
1.0 0.0 0.0 0.0
-7.24496 398.81 -7.52762
0.907743 0.151394 0.391258
255 255 255 255
0.164706 -0.560784
12 0 0 0
1.0 0.0 0.0 0.0
-8.13056 384.345 -11.07
0.907743 0.151394 0.391258
255 255 255 255
0.172549 -0.470588
12 0 0 0
1.0 0.0 0.0 0.0
-12.5586 404.714 7.08478
0.907743 0.151394 0.391258
255 255 255 255
0.215686 -0.619608
12 0 0 0
1.0 0.0 0.0 0.0
-8.13056 384.345 -11.07
0.965431 0.0216465 0.259757
255 255 255 255
0.172549 -0.470588
12 0 0 0
1.0 0.0 0.0 0.0
-12.5586 378.146 4.87078
0.965431 0.0216465 0.259757
255 255 255 255
0.247059 -0.466667
12 0 0 0
1.0 0.0 0.0 0.0
-12.5586 404.714 7.08478
0.965431 0.0216465 0.259757
255 255 255 255
0.215686 -0.619608
12 0 0 0
1.0 0.0 0.0 0.0
12.2383 404.567 7.08478
-0.995181 0.00904291 -0.097633
255 255 255 255
0.215686 -0.619608
12 0 0 0
1.0 0.0 0.0 0.0
11.9431 390.84 11.3652
-0.995181 0.00904291 -0.097633
255 255 255 255
0.25098 -0.54902
12 0 0 0
1.0 0.0 0.0 0.0
12.6811 378.146 5.01838
-0.995181 0.00904291 -0.097633
255 255 255 255
0.247059 -0.466667
12 0 0 0
1.0 0.0 0.0 0.0
-7.24496 398.81 -7.52762
0.0 -0.364874 0.931057
255 255 255 255
0.003922 -0.862745
12 0 0 0
1.0 0.0 0.0 0.0
7.66265 398.81 -7.52762
0.0 -0.364874 0.931057
255 255 255 255
0.003922 -0.956863
12 0 0 0
1.0 0.0 0.0 0.0
-6.06416 373.571 18.3024
-0.0258934 -0.183966 -0.982592
255 255 255 255
0.172549 -0.466667
12 0 0 0
1.0 0.0 0.0 0.0
6.18665 373.718 18.0072
-0.0258934 -0.183966 -0.982592
255 255 255 255
0.227451 -0.466667
12 0 0 0
1.0 0.0 0.0 0.0
-6.21176 387.74 20.9592
-0.0258934 -0.183966 -0.982592
255 255 255 255
0.172549 -0.545098
12 0 0 0
1.0 0.0 0.0 0.0
6.18665 373.718 18.0072
0.0 -0.20601 -0.97855
255 255 255 255
0.227451 -0.466667
12 0 0 0
1.0 0.0 0.0 0.0
5.44865 387.74 20.9592
0.0 -0.20601 -0.97855
255 255 255 255
0.223529 -0.545098
12 0 0 0
1.0 0.0 0.0 0.0
-6.21176 387.74 20.9592
0.0 -0.20601 -0.97855
255 255 255 255
0.172549 -0.545098
12 0 0 0
1.0 0.0 0.0 0.0
7.66265 398.81 -7.52762
0.0 0.230716 0.973021
255 255 255 255
0.235294 -0.54902
12 0 0 0
1.0 0.0 0.0 0.0
8.54825 384.493 -10.9224
0.0 0.230716 0.973021
255 255 255 255
0.239216 -0.470588
12 0 0 0
1.0 0.0 0.0 0.0
-7.24496 398.81 -7.52762
0.0 0.230716 0.973021
255 255 255 255
0.168627 -0.54902
12 0 0 0
1.0 0.0 0.0 0.0
8.54825 384.493 -10.9224
-0.00649446 0.237488 0.971369
255 255 255 255
0.239216 -0.470588
12 0 0 0
1.0 0.0 0.0 0.0
-8.13056 384.345 -11.07
-0.00649446 0.237488 0.971369
255 255 255 255
0.164706 -0.466667
12 0 0 0
1.0 0.0 0.0 0.0
-7.24496 398.81 -7.52762
-0.00649446 0.237488 0.971369
255 255 255 255
0.168627 -0.54902
12 0 0 0
1.0 0.0 0.0 0.0
5.44865 387.74 20.9592
-0.836465 -0.0703924 -0.54348
255 255 255 255
0.160784 -0.564706
12 0 0 0
1.0 0.0 0.0 0.0
6.18665 373.718 18.0072
-0.836465 -0.0703924 -0.54348
255 255 255 255
0.176471 -0.462745
12 0 0 0
1.0 0.0 0.0 0.0
11.9431 390.84 11.3652
-0.836465 -0.0703924 -0.54348
255 255 255 255
0.223529 -0.588235
12 0 0 0
1.0 0.0 0.0 0.0
-12.2634 390.84 11.3652
0.779053 -0.541169 -0.316564
255 255 255 255
0.207843 -0.65098
12 0 0 0
1.0 0.0 0.0 0.0
-6.21176 387.74 20.9592
0.779053 -0.541169 -0.316564
255 255 255 255
0.282353 -0.623529
12 0 0 0
1.0 0.0 0.0 0.0
11.9431 390.84 11.3652
-0.228492 -0.960998 0.155803
255 255 255 255
0.454902 -0.65098
12 0 0 0
1.0 0.0 0.0 0.0
9.13865 387.445 28.1916
-0.228492 -0.960998 0.155803
255 255 255 255
0.435294 -0.623529
12 0 0 0
1.0 0.0 0.0 0.0
-9.90176 387.445 28.1916
0.767353 -0.491705 0.411577
255 255 255 255
0.341176 -0.619608
12 0 0 0
1.0 0.0 0.0 0.0
-13.149 398.072 21.5496
0.767353 -0.491705 0.411577
255 255 255 255
0.4 -0.662745
12 0 0 0
1.0 0.0 0.0 0.0
-6.21176 387.74 20.9592
0.767353 -0.491705 0.411577
255 255 255 255
0.388235 -0.615686
12 0 0 0
1.0 0.0 0.0 0.0
-6.21176 387.74 20.9592
0.856023 -0.103866 -0.506396
255 255 255 255
0.231373 -0.560784
12 0 0 0
1.0 0.0 0.0 0.0
-12.2634 390.84 11.3652
0.856023 -0.103866 -0.506396
255 255 255 255
0.184314 -0.588235
12 0 0 0
1.0 0.0 0.0 0.0
-6.06416 373.571 18.3024
0.856023 -0.103866 -0.506396
255 255 255 255
0.207843 -0.458824
12 0 0 0
1.0 0.0 0.0 0.0
-12.5586 378.146 4.87078
0.908502 -0.173397 -0.380206
255 255 255 255
0.156863 -0.501961
12 0 0 0
1.0 0.0 0.0 0.0
-6.06416 373.571 18.3024
0.908502 -0.173397 -0.380206
255 255 255 255
0.207843 -0.458824
12 0 0 0
1.0 0.0 0.0 0.0
-12.2634 390.84 11.3652
0.908502 -0.173397 -0.380206
255 255 255 255
0.184314 -0.588235
12 0 0 0
1.0 0.0 0.0 0.0
6.18665 373.718 18.0072
-0.903836 -0.148157 -0.40141
255 255 255 255
0.176471 -0.462745
12 0 0 0
1.0 0.0 0.0 0.0
12.6811 378.146 5.01838
-0.903836 -0.148157 -0.40141
255 255 255 255
0.262745 -0.494118
12 0 0 0
1.0 0.0 0.0 0.0
11.9431 390.84 11.3652
-0.903836 -0.148157 -0.40141
255 255 255 255
0.223529 -0.588235
12 0 0 0
1.0 0.0 0.0 0.0
17.5519 409.29 28.044
-0.939566 -0.296368 0.171413
255 255 255 255
0.164706 -0.670588
12 0 0 0
1.0 0.0 0.0 0.0
-13.149 398.072 21.5496
0.997494 -0.0393598 0.0587875
255 255 255 255
0.141176 -0.596078
12 0 0 0
1.0 0.0 0.0 0.0
-12.2634 390.84 11.3652
0.997494 -0.0393598 0.0587875
255 255 255 255
0.101961 -0.541176
12 0 0 0
1.0 0.0 0.0 0.0
-17.7246 409.29 28.044
0.942966 -0.28625 0.16993
255 255 255 255
0.164706 -0.670588
12 0 0 0
1.0 0.0 0.0 0.0
-13.149 398.072 21.5496
0.942966 -0.28625 0.16993
255 255 255 255
0.141176 -0.596078
12 0 0 0
1.0 0.0 0.0 0.0
6.18665 373.718 18.0072
-0.373275 -0.919032 0.12667
255 255 255 255
0.286275 -0.470588
12 0 0 0
1.0 0.0 0.0 0.0
8.54825 384.493 -10.9224
-0.0124367 -0.781308 0.624022
255 255 255 255
0.247059 -0.466667
12 0 0 0
1.0 0.0 0.0 0.0
-0.0125536 373.275 2.95198
-0.0124367 -0.781308 0.624022
255 255 255 255
0.211765 -0.501961
12 0 0 0
1.0 0.0 0.0 0.0
-8.13056 384.345 -11.07
-0.0124367 -0.781308 0.624022
255 255 255 255
0.176471 -0.466667
12 0 0 0
1.0 0.0 0.0 0.0
15.3379 433.939 12.9888
-0.636385 0.771362 -0.00371975
255 255 255 255
0.07451 -0.803922
12 0 0 0
1.0 0.0 0.0 0.0
11.5003 437.186 -3.83762
-0.636385 0.771362 -0.00371975
255 255 255 255
0.152941 -0.827451
12 0 0 0
1.0 0.0 0.0 0.0
5.89145 436.743 28.9296
-0.609113 0.759818 -0.227284
255 255 255 255
0.003922 -0.862745
12 0 0 0
1.0 0.0 0.0 0.0
15.3379 433.939 12.9888
-0.609113 0.759818 -0.227284
255 255 255 255
0.07451 -0.803922
12 0 0 0
1.0 0.0 0.0 0.0
15.4855 426.411 27.4536
-0.680687 0.565545 -0.465644
255 255 255 255
0.478431 -0.921569
12 0 0 0
1.0 0.0 0.0 0.0
15.4855 426.411 27.4536
-0.717358 0.620996 -0.315851
255 255 255 255
0.011765 -0.803922
12 0 0 0
1.0 0.0 0.0 0.0
15.3379 433.939 12.9888
-0.717358 0.620996 -0.315851
255 255 255 255
0.07451 -0.803922
12 0 0 0
1.0 0.0 0.0 0.0
5.89145 436.743 28.9296
-0.717358 0.620996 -0.315851
255 255 255 255
0.003922 -0.862745
12 0 0 0
1.0 0.0 0.0 0.0
-19.9386 24.2013 14.022
-0.00336432 -0.339797 -0.940493
255 255 255 255
0.47451 -0.403922
4 0 0 0
1.0 0.0 0.0 0.0
-34.8462 24.0537 14.022
-0.00777137 -0.365034 -0.930962
255 255 255 255
0.47451 -0.368627
4 0 0 0
1.0 0.0 0.0 0.0
-28.2042 17.1165 5.16599
0.0439055 -0.998903 -0.0162936
255 255 255 255
0.490196 -0.384314
4 0 0 0
1.0 0.0 0.0 0.0
-34.9938 24.0537 -4.28042
0.00591647 -0.369555 0.92919
255 255 255 255
0.47451 -0.368627
4 0 0 0
1.0 0.0 0.0 0.0
-19.9386 24.0537 -4.28042
0.0 -0.353333 0.935498
255 255 255 255
0.47451 -0.403922
4 0 0 0
1.0 0.0 0.0 0.0
-7.39256 133.278 5.01839
-0.742781 -0.557086 0.371391
255 255 255 255
0.454902 -0.196078
4 0 0 0
1.0 0.0 0.0 0.0
-28.4994 133.721 -17.2692
-0.5547 0.0 0.83205
255 255 255 255
0.415686 -0.196078
4 0 0 0
1.0 0.0 0.0 0.0
-28.2042 72.0237 -19.188
0.0 -1.0 0.0
255 255 255 255
0.411765 -0.015686
4 0 0 0
1.0 0.0 0.0 0.0
-43.5546 143.019 5.01839
-0.270226 -0.945792 0.180151
255 255 255 255
0.454902 -0.219608
4 0 0 0
1.0 0.0 0.0 0.0
-24.3666 157.927 5.01839
0.0 1.0 0.0
255 255 255 255
0.454902 -0.266667
4 0 0 0
1.0 0.0 0.0 0.0
-28.647 142.872 21.1068
0.0 -1.0 0.0
255 255 255 255
0.482353 -0.219608
4 0 0 0
1.0 0.0 0.0 0.0
-48.1302 133.573 5.01839
0.0 0.0 -1.0
255 255 255 255
0.454902 -0.196078
4 0 0 0
1.0 0.0 0.0 0.0
-28.4994 133.13 26.4204
0.0 0.0 -1.0
255 255 255 255
0.490196 -0.196078
4 0 0 0
1.0 0.0 0.0 0.0
-28.0566 71.7285 30.4056
0.0 0.0208288 -0.999783
255 255 255 255
0.498039 -0.015686
4 0 0 0
1.0 0.0 0.0 0.0
-19.9386 24.2013 14.022
-0.646973 -0.762488 -0.00614909
255 255 255 255
0.47451 -0.364706
4 0 0 0
1.0 0.0 0.0 0.0
-19.9386 24.0537 -4.28042
-0.646973 -0.762488 -0.00614909
255 255 255 255
0.47451 -0.411765
4 0 0 0
1.0 0.0 0.0 0.0
-34.9938 24.0537 -4.28042
0.71859 -0.69541 -0.00579508
255 255 255 255
0.47451 -0.411765
4 0 0 0
1.0 0.0 0.0 0.0
-34.8462 24.0537 14.022
0.71859 -0.69541 -0.00579508
255 255 255 255
0.47451 -0.364706
4 0 0 0
1.0 0.0 0.0 0.0
-48.8682 71.7285 5.90399
-0.992278 -0.124035 0.0
255 255 255 255
0.454902 -0.015686
4 0 0 0
1.0 0.0 0.0 0.0
-28.647 143.019 -11.6604
0.408248 0.408248 -0.816497
255 255 255 255
0.423529 -0.223529
4 0 0 0
1.0 0.0 0.0 0.0
-12.8538 142.872 5.01839
-0.904534 0.422116 0.0603023
255 255 255 255
0.454902 -0.219608
4 0 0 0
1.0 0.0 0.0 0.0
-37.6506 95.3445 17.4168
0.998647 -0.0408183 -0.0322144
255 255 255 255
0.294118 -0.356863
4 0 0 0
1.0 0.0 0.0 0.0
-38.3886 95.3445 -5.46121
0.998721 -0.0418843 -0.0283271
255 255 255 255
0.294118 -0.411765
4 0 0 0
1.0 0.0 0.0 0.0
-34.8462 24.0537 14.022
0.998647 -0.0408183 -0.0322144
255 255 255 255
0.47451 -0.364706
4 0 0 0
1.0 0.0 0.0 0.0
-17.2818 95.3445 16.6788
-0.0314117 -0.0449502 -0.998495
255 255 255 255
0.294118 -0.411765
4 0 0 0
1.0 0.0 0.0 0.0
-37.6506 95.3445 17.4168
-0.0361694 -0.0461144 -0.998281
255 255 255 255
0.294118 -0.360784
4 0 0 0
1.0 0.0 0.0 0.0
-17.2818 95.3445 -6.49442
0.042313 -0.020509 0.998894
255 255 255 255
0.294118 -0.411765
4 0 0 0
1.0 0.0 0.0 0.0
-34.9938 24.0537 -4.28042
0.998842 -0.0474305 -0.00805517
255 255 255 255
0.47451 -0.411765
4 0 0 0
1.0 0.0 0.0 0.0
-34.8462 24.0537 14.022
0.998842 -0.0474305 -0.00805517
255 255 255 255
0.47451 -0.364706
4 0 0 0
1.0 0.0 0.0 0.0
-19.9386 24.2013 14.022
-0.999303 -0.0373296 -0.000301045
255 255 255 255
0.47451 -0.364706
4 0 0 0
1.0 0.0 0.0 0.0
-19.9386 24.0537 -4.28042
-0.999303 -0.0373296 -0.000301045
255 255 255 255
0.47451 -0.411765
4 0 0 0
1.0 0.0 0.0 0.0
-17.2818 95.3445 16.6788
-0.999303 -0.0373296 -0.000301045
255 255 255 255
0.294118 -0.356863
4 0 0 0
1.0 0.0 0.0 0.0
-17.2818 95.3445 -6.49442
-0.999306 -0.0372412 0.0
255 255 255 255
0.294118 -0.415686
4 0 0 0
1.0 0.0 0.0 0.0
-17.2818 95.3445 16.6788
-0.999306 -0.0372412 0.0
255 255 255 255
0.294118 -0.356863
4 0 0 0
1.0 0.0 0.0 0.0
-19.9386 24.0537 -4.28042
-0.999306 -0.0372412 0.0
255 255 255 255
0.47451 -0.411765
4 0 0 0
1.0 0.0 0.0 0.0
-38.3886 95.3445 -5.46121
0.0488839 -0.0188682 0.998626
255 255 255 255
0.294118 -0.360784
4 0 0 0
1.0 0.0 0.0 0.0
-6.94976 71.5809 4.87079
0.0 1.0 0.0
255 255 255 255
0.454902 -0.015686
4 0 0 0
1.0 0.0 0.0 0.0
-38.5362 23.7585 13.5792
0.154097 0.916949 -0.368047
255 255 255 255
0.856863 -0.909804
5 0 0 0
1.0 0.0 0.0 0.0
-16.2486 23.9061 13.5792
-0.147172 0.914789 -0.376168
255 255 255 255
0.95098 -0.909804
5 0 0 0
1.0 0.0 0.0 0.0
-27.0234 30.1053 5.46119
-0.00815938 0.997566 -0.0692511
255 255 255 255
0.903922 -0.945098
5 0 0 0
1.0 0.0 0.0 0.0
-19.9386 23.9061 -7.82282
-0.226582 0.923328 0.310042
255 255 255 255
0.935294 -1.0
5 0 0 0
1.0 0.0 0.0 0.0
-40.7502 14.0169 32.7672
0.00247242 0.891779 -0.452464
255 255 255 255
0.845098 -0.831373
5 0 0 0
1.0 0.0 0.0 0.0
-13.7394 14.0169 32.9148
0.00421281 0.89087 -0.454238
255 255 255 255
0.962745 -0.831373
5 0 0 0
1.0 0.0 0.0 0.0
-34.9938 1.02807 58.0068
0.532619 0.320958 -0.783137
255 255 255 255
0.578431 -0.003922
5 0 0 0
1.0 0.0 0.0 0.0
-19.6434 0.880472 58.0068
-0.538596 0.304367 -0.785668
255 255 255 255
0.57451 -0.003922
5 0 0 0
1.0 0.0 0.0 0.0
-34.9938 10.0317 54.3168
0.715271 0.240739 -0.656073
255 255 255 255
0.586275 -0.043137
5 0 0 0
1.0 0.0 0.0 0.0
-19.3482 9.88408 54.3168
-0.729783 0.214513 -0.649154
255 255 255 255
0.590196 -0.043137
5 0 0 0
1.0 0.0 0.0 0.0
-20.6766 0.88048 -8.11802
-0.619317 -0.00978469 0.78508
255 255 255 255
0.794118 -0.003922
5 0 0 0
1.0 0.0 0.0 0.0
-19.9386 23.9061 -7.82282
-0.969352 -0.0279397 0.244081
255 255 255 255
0.790196 -0.101961
5 0 0 0
1.0 0.0 0.0 0.0
-15.5106 0.880478 12.3984
-0.98853 0.0201842 0.149672
255 255 255 255
0.723529 -0.003922
5 0 0 0
1.0 0.0 0.0 0.0
-36.6174 0.88048 -8.70842
0.636099 0.0733647 0.768112
255 255 255 255
0.794118 -0.003922
5 0 0 0
1.0 0.0 0.0 0.0
-19.9386 23.9061 -7.82282
-0.0370091 0.0116247 0.999247
255 255 255 255
0.790196 -0.101961
5 0 0 0
1.0 0.0 0.0 0.0
-14.0346 0.880476 29.3724
-0.999381 -0.00756752 -0.0343494
255 255 255 255
0.668627 -0.003922
5 0 0 0
1.0 0.0 0.0 0.0
-13.7394 14.0169 32.9148
0.00103462 0.981911 -0.189339
255 255 255 255
0.590196 -0.023529
5 0 0 0
1.0 0.0 0.0 0.0
-40.7502 14.0169 32.7672
0.00103462 0.981911 -0.189339
255 255 255 255
0.590196 -0.109804
5 0 0 0
1.0 0.0 0.0 0.0
-19.3482 9.88408 54.3168
0.00103462 0.981911 -0.189339
255 255 255 255
0.535294 -0.043137
5 0 0 0
1.0 0.0 0.0 0.0
-40.7502 14.0169 32.7672
-0.00928041 0.983725 -0.179443
255 255 255 255
0.590196 -0.109804
5 0 0 0
1.0 0.0 0.0 0.0
-34.9938 10.0317 54.3168
-0.00928041 0.983725 -0.179443
255 255 255 255
0.535294 -0.090196
5 0 0 0
1.0 0.0 0.0 0.0
-19.3482 9.88408 54.3168
-0.00928041 0.983725 -0.179443
255 255 255 255
0.535294 -0.043137
5 0 0 0
1.0 0.0 0.0 0.0
-40.8978 1.02808 29.2248
0.99708 0.0320387 -0.0693147
255 255 255 255
0.668627 -0.003922
5 0 0 0
1.0 0.0 0.0 0.0
-40.7502 14.0169 32.7672
0.967136 -0.0566122 -0.247875
255 255 255 255
0.656863 -0.058824
5 0 0 0
1.0 0.0 0.0 0.0
-40.7502 0.880478 12.1032
0.990098 0.097576 0.100924
255 255 255 255
0.727451 -0.003922
5 0 0 0
1.0 0.0 0.0 0.0
-34.6986 23.7585 -7.82282
0.620821 0.0879518 0.779003
255 255 255 255
0.790196 -0.101961
5 0 0 0
1.0 0.0 0.0 0.0
-19.6434 0.880472 58.0068
0.00961491 -0.999952 0.00188346
255 255 255 255
0.872549 -0.584314
5 0 0 0
1.0 0.0 0.0 0.0
-34.9938 1.02807 58.0068
0.00961492 -0.999952 0.00188346
255 255 255 255
0.931373 -0.584314
5 0 0 0
1.0 0.0 0.0 0.0
-14.0346 0.880476 29.3724
0.00961491 -0.999952 0.00188346
255 255 255 255
0.84902 -0.690196
5 0 0 0
1.0 0.0 0.0 0.0
-34.6986 23.7585 -7.82282
0.00904289 0.904289 0.426824
255 255 255 255
0.872549 -1.0
5 0 0 0
1.0 0.0 0.0 0.0
-36.6174 0.88048 -8.70842
0.0 -1.0 1.25893e-007
255 255 255 255
0.939216 -0.827451
5 0 0 0
1.0 0.0 0.0 0.0
-20.6766 0.88048 -8.11802
0.0 -1.0 1.25893e-007
255 255 255 255
0.876471 -0.823529
5 0 0 0
1.0 0.0 0.0 0.0
-40.7502 0.880478 12.1032
0.0 -1.0 1.25893e-007
255 255 255 255
0.954902 -0.74902
5 0 0 0
1.0 0.0 0.0 0.0
-20.6766 0.88048 -8.11802
0.0 -1.0 1.29023e-007
255 255 255 255
0.876471 -0.823529
5 0 0 0
1.0 0.0 0.0 0.0
-15.5106 0.880478 12.3984
0.0 -1.0 1.29023e-007
255 255 255 255
0.856863 -0.74902
5 0 0 0
1.0 0.0 0.0 0.0
-40.7502 0.880478 12.1032
0.0 -1.0 1.29023e-007
255 255 255 255
0.954902 -0.74902
5 0 0 0
1.0 0.0 0.0 0.0
-34.6986 23.7585 -7.82282
0.53126 0.841836 0.0952603
255 255 255 255
0.872549 -1.0
5 0 0 0
1.0 0.0 0.0 0.0
-13.7394 14.0169 32.9148
-0.992323 0.0109203 0.12319
255 255 255 255
0.656863 -0.058824
5 0 0 0
1.0 0.0 0.0 0.0
-16.2486 23.9061 13.5792
-0.992323 0.0109203 0.12319
255 255 255 255
0.723529 -0.101961
5 0 0 0
1.0 0.0 0.0 0.0
-40.7502 14.0169 32.7672
0.994699 0.0374234 0.0957735
255 255 255 255
0.656863 -0.058824
5 0 0 0
1.0 0.0 0.0 0.0
-38.5362 23.7585 13.5792
0.994699 0.0374234 0.0957735
255 255 255 255
0.723529 -0.101961
5 0 0 0
1.0 0.0 0.0 0.0
-13.7394 14.0169 32.9148
-0.967709 -0.0856733 -0.237063
255 255 255 255
0.656863 -0.058824
5 0 0 0
1.0 0.0 0.0 0.0
-40.8978 1.02808 29.2248
0.00550061 -0.999984 -0.00112821
255 255 255 255
0.954902 -0.690196
5 0 0 0
1.0 0.0 0.0 0.0
-14.0346 0.880476 29.3724
0.00550061 -0.999984 -0.00112821
255 255 255 255
0.84902 -0.690196
5 0 0 0
1.0 0.0 0.0 0.0
-34.9938 1.02807 58.0068
0.00550061 -0.999984 -0.00112821
255 255 255 255
0.931373 -0.584314
5 0 0 0
1.0 0.0 0.0 0.0
-14.0346 0.880476 29.3724
0.00549704 -0.999985 -0.000477887
255 255 255 255
0.84902 -0.690196
5 0 0 0
1.0 0.0 0.0 0.0
-40.8978 1.02808 29.2248
0.00549704 -0.999985 -0.000477887
255 255 255 255
0.954902 -0.690196
5 0 0 0
1.0 0.0 0.0 0.0
-15.5106 0.880478 12.3984
0.00549704 -0.999985 -0.000477887
255 255 255 255
0.856863 -0.74902
5 0 0 0
1.0 0.0 0.0 0.0
-40.8978 1.02808 29.2248
0.000100814 -0.999963 -0.00861937
255 255 255 255
0.954902 -0.690196
5 0 0 0
1.0 0.0 0.0 0.0
-40.7502 0.880478 12.1032
0.000100814 -0.999963 -0.00861937
255 255 255 255
0.954902 -0.74902
5 0 0 0
1.0 0.0 0.0 0.0
-15.5106 0.880478 12.3984
0.000100814 -0.999963 -0.00861937
255 255 255 255
0.856863 -0.74902
5 0 0 0
1.0 0.0 0.0 0.0
-16.2486 23.9061 13.5792
-0.995582 0.0363493 0.0865723
255 255 255 255
0.723529 -0.101961
5 0 0 0
1.0 0.0 0.0 0.0
-16.2486 23.9061 13.5792
-0.984661 0.0402658 0.169769
255 255 255 255
0.723529 -0.101961
5 0 0 0
1.0 0.0 0.0 0.0
-19.9386 23.9061 -7.82282
-0.984661 0.0402658 0.169769
255 255 255 255
0.790196 -0.101961
5 0 0 0
1.0 0.0 0.0 0.0
-38.5362 23.7585 13.5792
0.995247 0.0969218 0.00941523
255 255 255 255
0.723529 -0.101961
5 0 0 0
1.0 0.0 0.0 0.0
-38.5362 23.7585 13.5792
0.978752 0.106041 0.1755
255 255 255 255
0.723529 -0.101961
5 0 0 0
1.0 0.0 0.0 0.0
-19.9386 23.9061 -7.82282
0.000387131 0.0387132 0.99925
255 255 255 255
0.790196 -0.101961
5 0 0 0
1.0 0.0 0.0 0.0
38.6587 23.6109 13.284
-0.154097 0.916949 -0.368046
255 255 255 255
0.856863 -0.909804
8 0 0 0
1.0 0.0 0.0 0.0
27.1459 29.9577 5.16598
0.00815933 0.997566 -0.0692507
255 255 255 255
0.903922 -0.945098
8 0 0 0
1.0 0.0 0.0 0.0
16.3711 23.7585 13.284
0.147172 0.914789 -0.376168
255 255 255 255
0.95098 -0.909804
8 0 0 0
1.0 0.0 0.0 0.0
20.0611 23.7585 -8.11802
0.226583 0.923328 0.310042
255 255 255 255
0.935294 -1.0
8 0 0 0
1.0 0.0 0.0 0.0
40.8727 13.8693 32.472
-0.00247251 0.891779 -0.452464
255 255 255 255
0.845098 -0.831373
8 0 0 0
1.0 0.0 0.0 0.0
13.8619 13.8693 32.6196
-0.00421286 0.89087 -0.454238
255 255 255 255
0.962745 -0.831373
8 0 0 0
1.0 0.0 0.0 0.0
35.1163 0.880482 57.7116
-0.532619 0.320958 -0.783137
255 255 255 255
0.578431 -0.003922
8 0 0 0
1.0 0.0 0.0 0.0
35.1163 9.88409 54.0216
-0.715271 0.240739 -0.656073
255 255 255 255
0.586275 -0.043137
8 0 0 0
1.0 0.0 0.0 0.0
19.7659 0.732882 57.7116
0.538596 0.304367 -0.785668
255 255 255 255
0.57451 -0.003922
8 0 0 0
1.0 0.0 0.0 0.0
19.4707 9.73649 54.0216
0.729783 0.214513 -0.649154
255 255 255 255
0.590196 -0.043137
8 0 0 0
1.0 0.0 0.0 0.0
20.7991 0.732876 -8.41322
0.619317 -0.00978481 0.78508
255 255 255 255
0.794118 -0.003922
8 0 0 0
1.0 0.0 0.0 0.0
15.6331 0.732878 12.1032
0.98853 0.0201841 0.149672
255 255 255 255
0.723529 -0.003922
8 0 0 0
1.0 0.0 0.0 0.0
20.0611 23.7585 -8.11802
0.969352 -0.0279397 0.244081
255 255 255 255
0.790196 -0.101961
8 0 0 0
1.0 0.0 0.0 0.0
20.0611 23.7585 -8.11802
0.0370094 0.0116246 0.999247
255 255 255 255
0.790196 -0.101961
8 0 0 0
1.0 0.0 0.0 0.0
36.7399 0.732876 -9.00362
-0.636099 0.0733645 0.768112
255 255 255 255
0.794118 -0.003922
8 0 0 0
1.0 0.0 0.0 0.0
14.1571 0.732879 29.0772
0.999381 -0.00756757 -0.0343494
255 255 255 255
0.668627 -0.003922
8 0 0 0
1.0 0.0 0.0 0.0
13.8619 13.8693 32.6196
-0.00103467 0.981911 -0.189339
255 255 255 255
0.590196 -0.023529
8 0 0 0
1.0 0.0 0.0 0.0
19.4707 9.73649 54.0216
-0.00103467 0.981911 -0.189339
255 255 255 255
0.535294 -0.043137
8 0 0 0
1.0 0.0 0.0 0.0
40.8727 13.8693 32.472
-0.00103467 0.981911 -0.189339
255 255 255 255
0.590196 -0.109804
8 0 0 0
1.0 0.0 0.0 0.0
40.8727 13.8693 32.472
0.00928041 0.983725 -0.179443
255 255 255 255
0.590196 -0.109804
8 0 0 0
1.0 0.0 0.0 0.0
19.4707 9.73649 54.0216
0.00928041 0.983725 -0.179443
255 255 255 255
0.535294 -0.043137
8 0 0 0
1.0 0.0 0.0 0.0
35.1163 9.88409 54.0216
0.00928041 0.983725 -0.179443
255 255 255 255
0.535294 -0.090196
8 0 0 0
1.0 0.0 0.0 0.0
41.0203 0.88048 28.9296
-0.99708 0.0320387 -0.0693146
255 255 255 255
0.668627 -0.003922
8 0 0 0
1.0 0.0 0.0 0.0
40.8727 13.8693 32.472
-0.967136 -0.0566122 -0.247875
255 255 255 255
0.656863 -0.058824
8 0 0 0
1.0 0.0 0.0 0.0
34.8211 23.6109 -8.11802
-0.620821 0.0879517 0.779003
255 255 255 255
0.790196 -0.101961
8 0 0 0
1.0 0.0 0.0 0.0
40.8727 0.732878 11.808
-0.990098 0.0975758 0.100924
255 255 255 255
0.727451 -0.003922
8 0 0 0
1.0 0.0 0.0 0.0
19.7659 0.732882 57.7116
-0.00961493 -0.999952 0.00188326
255 255 255 255
0.872549 -0.584314
8 0 0 0
1.0 0.0 0.0 0.0
14.1571 0.732879 29.0772
-0.00961493 -0.999952 0.00188326
255 255 255 255
0.84902 -0.690196
8 0 0 0
1.0 0.0 0.0 0.0
35.1163 0.880482 57.7116
-0.00961493 -0.999952 0.00188326
255 255 255 255
0.931373 -0.584314
8 0 0 0
1.0 0.0 0.0 0.0
34.8211 23.6109 -8.11802
-0.00904288 0.904289 0.426825
255 255 255 255
0.872549 -1.0
8 0 0 0
1.0 0.0 0.0 0.0
36.7399 0.732876 -9.00362
0.0 -1.0 0.0
255 255 255 255
0.939216 -0.827451
8 0 0 0
1.0 0.0 0.0 0.0
40.8727 0.732878 11.808
0.0 -1.0 0.0
255 255 255 255
0.954902 -0.74902
8 0 0 0
1.0 0.0 0.0 0.0
20.7991 0.732876 -8.41322
0.0 -1.0 0.0
255 255 255 255
0.876471 -0.823529
8 0 0 0
1.0 0.0 0.0 0.0
20.7991 0.732876 -8.41322
0.0 -1.0 0.0
255 255 255 255
0.876471 -0.823529
8 0 0 0
1.0 0.0 0.0 0.0
40.8727 0.732878 11.808
0.0 -1.0 0.0
255 255 255 255
0.954902 -0.74902
8 0 0 0
1.0 0.0 0.0 0.0
15.6331 0.732878 12.1032
0.0 -1.0 0.0
255 255 255 255
0.856863 -0.74902
8 0 0 0
1.0 0.0 0.0 0.0
34.8211 23.6109 -8.11802
-0.53126 0.841836 0.0952605
255 255 255 255
0.872549 -1.0
8 0 0 0
1.0 0.0 0.0 0.0
13.8619 13.8693 32.6196
0.992323 0.0109202 0.12319
255 255 255 255
0.656863 -0.058824
8 0 0 0
1.0 0.0 0.0 0.0
16.3711 23.7585 13.284
0.992323 0.0109202 0.12319
255 255 255 255
0.723529 -0.101961
8 0 0 0
1.0 0.0 0.0 0.0
38.6587 23.6109 13.284
-0.994699 0.0374234 0.0957733
255 255 255 255
0.723529 -0.101961
8 0 0 0
1.0 0.0 0.0 0.0
40.8727 13.8693 32.472
-0.994699 0.0374234 0.0957733
255 255 255 255
0.656863 -0.058824
8 0 0 0
1.0 0.0 0.0 0.0
13.8619 13.8693 32.6196
0.967709 -0.0856734 -0.237063
255 255 255 255
0.656863 -0.058824
8 0 0 0
1.0 0.0 0.0 0.0
41.0203 0.88048 28.9296
-0.00550062 -0.999984 -0.00112841
255 255 255 255
0.954902 -0.690196
8 0 0 0
1.0 0.0 0.0 0.0
35.1163 0.880482 57.7116
-0.00550062 -0.999984 -0.00112841
255 255 255 255
0.931373 -0.584314
8 0 0 0
1.0 0.0 0.0 0.0
14.1571 0.732879 29.0772
-0.00550062 -0.999984 -0.00112841
255 255 255 255
0.84902 -0.690196
8 0 0 0
1.0 0.0 0.0 0.0
14.1571 0.732879 29.0772
-0.00549705 -0.999985 -0.000478095
255 255 255 255
0.84902 -0.690196
8 0 0 0
1.0 0.0 0.0 0.0
15.6331 0.732878 12.1032
-0.00549705 -0.999985 -0.000478095
255 255 255 255
0.856863 -0.74902
8 0 0 0
1.0 0.0 0.0 0.0
41.0203 0.88048 28.9296
-0.00549705 -0.999985 -0.000478095
255 255 255 255
0.954902 -0.690196
8 0 0 0
1.0 0.0 0.0 0.0
41.0203 0.88048 28.9296
-0.000100814 -0.999963 -0.0086196
255 255 255 255
0.954902 -0.690196
8 0 0 0
1.0 0.0 0.0 0.0
15.6331 0.732878 12.1032
-0.000100814 -0.999963 -0.0086196
255 255 255 255
0.856863 -0.74902
8 0 0 0
1.0 0.0 0.0 0.0
40.8727 0.732878 11.808
-0.000100814 -0.999963 -0.00861959
255 255 255 255
0.954902 -0.74902
8 0 0 0
1.0 0.0 0.0 0.0
16.3711 23.7585 13.284
0.995582 0.0363493 0.0865724
255 255 255 255
0.723529 -0.101961
8 0 0 0
1.0 0.0 0.0 0.0
16.3711 23.7585 13.284
0.984661 0.0402657 0.169769
255 255 255 255
0.723529 -0.101961
8 0 0 0
1.0 0.0 0.0 0.0
20.0611 23.7585 -8.11802
0.984661 0.0402657 0.169769
255 255 255 255
0.790196 -0.101961
8 0 0 0
1.0 0.0 0.0 0.0
38.6587 23.6109 13.284
-0.995247 0.0969216 0.00941525
255 255 255 255
0.723529 -0.101961
8 0 0 0
1.0 0.0 0.0 0.0
38.6587 23.6109 13.284
-0.978752 0.10604 0.1755
255 255 255 255
0.723529 -0.101961
8 0 0 0
1.0 0.0 0.0 0.0
20.0611 23.7585 -8.11802
-0.000387131 0.0387132 0.99925
255 255 255 255
0.790196 -0.101961
8 0 0 0
1.0 0.0 0.0 0.0
25.6699 234.679 -26.7156
-0.330026 0.134261 0.934375
255 255 255 255
0.07451 -0.215686
2 0 0 0
1.0 0.0 0.0 0.0
-26.433 234.679 -26.568
0.297582 0.0714051 0.952022
255 255 255 255
0.223529 -0.215686
2 0 0 0
1.0 0.0 0.0 0.0
18.5851 278.369 -25.5348
-0.348457 0.0808665 0.93383
255 255 255 255
0.094118 -0.360784
2 0 0 0
1.0 0.0 0.0 0.0
-19.3482 278.369 -25.5348
0.319356 0.123222 0.939589
255 255 255 255
0.203922 -0.360784
2 0 0 0
1.0 0.0 0.0 0.0
-37.9458 278.369 -5.90403
0.69753 0.277077 0.660818
255 255 255 255
0.258824 -0.360784
2 0 0 0
1.0 0.0 0.0 0.0
-48.8682 234.679 -12.6936
0.591548 0.167913 0.788591
255 255 255 255
0.290196 -0.215686
2 0 0 0
1.0 0.0 0.0 0.0
-37.9458 278.369 -5.90403
0.965275 0.219244 -0.142043
255 255 255 255
0.270588 -0.427451
2 0 0 0
1.0 0.0 0.0 0.0
-48.8682 234.679 -12.6936
0.965275 0.219244 -0.142043
255 255 255 255
0.290196 -0.258824
2 0 0 0
1.0 0.0 0.0 0.0
-34.9938 278.073 14.6124
0.963929 0.248952 -0.0941484
255 255 255 255
0.207843 -0.427451
2 0 0 0
1.0 0.0 0.0 0.0
-48.8682 234.679 -12.6936
0.953413 0.301625 -0.00509846
255 255 255 255
0.290196 -0.258824
2 0 0 0
1.0 0.0 0.0 0.0
-48.7206 234.679 14.9076
0.902759 -0.430121 -0.00482758
255 255 255 255
0.207843 -0.258824
2 0 0 0
1.0 0.0 0.0 0.0
38.0683 278.369 -6.05163
-0.63885 0.173233 0.749574
255 255 255 255
0.035294 -0.360784
2 0 0 0
1.0 0.0 0.0 0.0
48.2527 234.679 -12.9888
-0.503096 0.248697 0.827674
255 255 255 255
0.007843 -0.215686
2 0 0 0
1.0 0.0 0.0 0.0
-15.2154 220.805 -5.60883
0.205167 -0.978727 0.0
255 255 255 255
0.270588 -0.203922
2 0 0 0
1.0 0.0 0.0 0.0
14.7475 220.805 -5.75642
-0.206266 -0.978496 0.000441045
255 255 255 255
0.270588 -0.203922
2 0 0 0
1.0 0.0 0.0 0.0
14.7475 220.805 15.498
-0.192968 -0.981205 0.0
255 255 255 255
0.207843 -0.203922
2 0 0 0
1.0 0.0 0.0 0.0
38.0683 278.369 -6.05163
-0.974276 0.21811 -0.0566887
255 255 255 255
0.270588 -0.427451
2 0 0 0
1.0 0.0 0.0 0.0
37.0351 278.073 12.8412
-0.972432 0.230546 -0.0349953
255 255 255 255
0.215686 -0.427451
2 0 0 0
1.0 0.0 0.0 0.0
48.2527 234.679 -12.9888
-0.974276 0.21811 -0.0566887
255 255 255 255
0.290196 -0.258824
2 0 0 0
1.0 0.0 0.0 0.0
48.4003 234.679 14.9076
-0.887894 -0.460029 0.00423895
255 255 255 255
0.207843 -0.258824
2 0 0 0
1.0 0.0 0.0 0.0
48.2527 234.679 -12.9888
-0.967419 0.253128 0.00511862
255 255 255 255
0.290196 -0.258824
2 0 0 0
1.0 0.0 0.0 0.0
-19.791 278.073 30.8484
0.269617 0.653833 -0.706972
255 255 255 255
0.078431 -0.427451
2 0 0 0
1.0 0.0 0.0 0.0
19.4707 278.073 30.7008
-0.262438 0.657123 -0.706623
255 255 255 255
0.192157 -0.427451
2 0 0 0
1.0 0.0 0.0 0.0
-34.9938 278.073 14.6124
0.0 1.0 0.0
255 255 255 255
0.035294 -0.427451
2 0 0 0
1.0 0.0 0.0 0.0
37.0351 278.073 12.8412
0.0 1.0 0.0
255 255 255 255
0.243137 -0.427451
2 0 0 0
1.0 0.0 0.0 0.0
-34.9938 278.073 14.6124
0.0 1.0 0.0
255 255 255 255
0.035294 -0.427451
2 0 0 0
1.0 0.0 0.0 0.0
-27.7614 234.679 31.1436
0.34723 -0.370492 -0.861491
255 255 255 255
0.054902 -0.258824
2 0 0 0
1.0 0.0 0.0 0.0
-15.2154 220.805 15.6456
0.0969989 -0.779283 -0.61912
255 255 255 255
0.094118 -0.207843
2 0 0 0
1.0 0.0 0.0 0.0
14.7475 220.805 15.498
-0.00329291 -0.743726 -0.668477
255 255 255 255
0.176471 -0.207843
2 0 0 0
1.0 0.0 0.0 0.0
-15.2154 220.805 15.6456
0.0 -1.0 0.0
255 255 255 255
0.203922 -0.203922
2 0 0 0
1.0 0.0 0.0 0.0
27.5887 234.679 31.1436
-0.348623 -0.372716 -0.859968
255 255 255 255
0.215686 -0.258824
2 0 0 0
1.0 0.0 0.0 0.0
-34.9938 278.073 14.6124
0.723027 0.137406 -0.677016
255 255 255 255
0.035294 -0.427451
2 0 0 0
1.0 0.0 0.0 0.0
-34.9938 278.073 14.6124
0.60061 0.195263 -0.775332
255 255 255 255
0.035294 -0.427451
2 0 0 0
1.0 0.0 0.0 0.0
-48.7206 234.679 14.9076
0.60061 0.195263 -0.775332
255 255 255 255
0.0 -0.258824
2 0 0 0
1.0 0.0 0.0 0.0
48.4003 234.679 14.9076
-0.347847 -0.82474 -0.445876
255 255 255 255
0.27451 -0.258824
2 0 0 0
1.0 0.0 0.0 0.0
14.7475 220.805 15.498
-0.347847 -0.82474 -0.445876
255 255 255 255
0.176471 -0.207843
2 0 0 0
1.0 0.0 0.0 0.0
48.4003 234.679 14.9076
-0.603313 0.194836 -0.773338
255 255 255 255
0.27451 -0.258824
2 0 0 0
1.0 0.0 0.0 0.0
37.0351 278.073 12.8412
-0.603313 0.194836 -0.773338
255 255 255 255
0.243137 -0.427451
2 0 0 0
1.0 0.0 0.0 0.0
37.0351 278.073 12.8412
-0.706036 0.139167 -0.694367
255 255 255 255
0.243137 -0.427451
2 0 0 0
1.0 0.0 0.0 0.0
48.2527 234.679 -12.9888
-0.382218 -0.92407 0.00202231
255 255 255 255
0.290196 -0.258824
2 0 0 0
1.0 0.0 0.0 0.0
48.2527 234.679 -12.9888
-0.26338 -0.861905 0.433302
255 255 255 255
0.0 -0.258824
2 0 0 0
1.0 0.0 0.0 0.0
14.7475 220.805 -5.75642
-0.26338 -0.861905 0.433302
255 255 255 255
0.094118 -0.207843
2 0 0 0
1.0 0.0 0.0 0.0
25.6699 234.679 -26.7156
-0.26338 -0.861905 0.433302
255 255 255 255
0.062745 -0.258824
2 0 0 0
1.0 0.0 0.0 0.0
-48.8682 234.679 -12.6936
0.265509 -0.863236 0.429334
255 255 255 255
0.27451 -0.258824
2 0 0 0
1.0 0.0 0.0 0.0
-26.433 234.679 -26.568
0.265509 -0.863236 0.429334
255 255 255 255
0.211765 -0.258824
2 0 0 0
1.0 0.0 0.0 0.0
-15.2154 220.805 -5.60883
0.265509 -0.863236 0.429334
255 255 255 255
0.176471 -0.207843
2 0 0 0
1.0 0.0 0.0 0.0
-48.8682 234.679 -12.6936
0.382629 -0.9239 -0.00204614
255 255 255 255
0.290196 -0.258824
2 0 0 0
1.0 0.0 0.0 0.0
-15.2154 220.805 15.6456
0.382629 -0.9239 -0.00204614
255 255 255 255
0.203922 -0.203922
2 0 0 0
1.0 0.0 0.0 0.0
-48.8682 234.679 -12.6936
0.381157 -0.92451 0.0
255 255 255 255
0.290196 -0.258824
2 0 0 0
1.0 0.0 0.0 0.0
-15.2154 220.805 15.6456
0.381157 -0.92451 0.0
255 255 255 255
0.203922 -0.203922
2 0 0 0
1.0 0.0 0.0 0.0
-48.7206 234.679 14.9076
0.349829 -0.82078 -0.451598
255 255 255 255
0.0 -0.258824
2 0 0 0
1.0 0.0 0.0 0.0
-15.2154 220.805 -5.60883
0.00156202 -0.834236 0.551405
255 255 255 255
0.176471 -0.207843
2 0 0 0
1.0 0.0 0.0 0.0
-26.433 234.679 -26.568
0.00156202 -0.834236 0.551405
255 255 255 255
0.211765 -0.258824
2 0 0 0
1.0 0.0 0.0 0.0
25.6699 234.679 -26.7156
0.00156202 -0.834236 0.551405
255 255 255 255
0.062745 -0.258824
2 0 0 0
1.0 0.0 0.0 0.0
25.6699 234.679 -26.7156
0.00272393 -0.833196 0.552971
255 255 255 255
0.062745 -0.258824
2 0 0 0
1.0 0.0 0.0 0.0
14.7475 220.805 -5.75642
0.00272393 -0.833196 0.552971
255 255 255 255
0.094118 -0.207843
2 0 0 0
1.0 0.0 0.0 0.0
-15.2154 220.805 -5.60883
0.00272393 -0.833196 0.552971
255 255 255 255
0.176471 -0.207843
2 0 0 0
1.0 0.0 0.0 0.0
14.7475 220.805 15.498
0.0 -0.748188 -0.663487
255 255 255 255
0.176471 -0.207843
2 0 0 0
1.0 0.0 0.0 0.0
38.0683 278.369 -6.05163
-3.03393e-005 0.999878 -0.0156251
255 255 255 255
0.243137 -0.427451
2 0 0 0
1.0 0.0 0.0 0.0
-37.9458 278.369 -5.90403
-3.03393e-005 0.999878 -0.0156251
255 255 255 255
0.027451 -0.427451
2 0 0 0
1.0 0.0 0.0 0.0
37.0351 278.073 12.8412
-3.03393e-005 0.999878 -0.0156251
255 255 255 255
0.243137 -0.427451
2 0 0 0
1.0 0.0 0.0 0.0
-37.9458 278.369 -5.90403
-0.000352539 0.999897 -0.0143366
255 255 255 255
0.027451 -0.427451
2 0 0 0
1.0 0.0 0.0 0.0
-34.9938 278.073 14.6124
-0.000352539 0.999897 -0.0143366
255 255 255 255
0.035294 -0.427451
2 0 0 0
1.0 0.0 0.0 0.0
37.0351 278.073 12.8412
-0.000352539 0.999897 -0.0143366
255 255 255 255
0.243137 -0.427451
2 0 0 0
1.0 0.0 0.0 0.0
472 # faces
2 1 0
2 3 1
3 4 1
3 5 4
1 4 6
6 4 7
5 7 4
5 8 7
8 0 7
8 2 0
5 10 9
5 3 10
8 9 11
8 5 9
0 6 7
2 11 12
2 8 11
3 12 10
3 2 12
6 0 1
15 14 13
18 17 16
21 20 19
23 22 18
18 22 17
16 17 24
18 16 25
19 23 14
23 13 14
26 22 20
22 19 20
19 22 23
28 27 15
27 21 15
29 24 26
28 25 16
14 21 19
14 15 21
25 15 13
25 28 15
16 29 28
24 29 16
29 20 21
20 29 26
26 17 22
17 26 24
13 18 25
18 13 23
21 27 29
27 28 29
32 31 30
35 34 33
38 37 36
40 39 34
40 34 35
35 33 41
33 34 42
39 36 32
30 39 32
40 43 38
36 40 38
40 36 39
45 44 31
37 45 31
41 46 43
42 44 33
37 32 36
31 32 37
31 42 30
44 42 31
46 33 44
46 41 33
38 46 37
46 38 43
35 43 40
43 35 41
34 30 42
30 34 39
45 37 46
44 45 46
49 48 47
52 51 50
51 53 50
56 55 54
53 51 55
51 52 55
58 50 57
55 56 53
55 52 58
55 58 54
50 58 52
50 56 57
50 53 56
57 60 59
62 54 61
54 63 61
56 64 57
62 56 54
56 62 65
67 57 66
58 63 54
68 58 57
63 58 69
72 71 70
73 48 49
75 74 48
78 77 76
78 79 77
82 81 80
82 83 81
84 77 79
84 85 77
88 87 86
91 90 89
83 85 84
83 82 85
94 93 92
97 96 95
100 99 98
100 98 101
82 103 102
82 80 104
107 106 105
109 108 106
76 110 78
76 112 111
115 114 113
118 117 116
121 120 119
124 123 122
112 126 125
112 76 127
130 129 128
133 132 131
134 133 131
137 136 135
133 134 137
132 133 137
131 139 138
136 137 134
132 137 139
139 137 135
139 131 132
136 131 138
134 131 136
141 138 140
135 143 142
144 135 142
145 136 138
136 143 135
143 136 146
138 148 147
144 139 135
139 149 138
139 144 150
153 152 151
130 154 129
156 155 130
159 158 157
160 158 159
163 162 161
164 162 163
159 165 160
166 165 159
169 168 167
172 171 170
166 164 165
162 164 166
175 174 173
178 177 176
181 180 179
179 180 182
184 162 183
161 162 185
188 187 186
190 189 188
191 157 158
193 157 192
196 195 194
199 198 197
202 201 200
205 204 203
207 193 206
157 193 208
211 210 209
214 213 212
217 216 215
217 218 216
221 220 219
224 223 222
227 226 225
230 229 228
233 232 231
236 235 234
235 237 234
240 239 238
243 242 241
245 236 244
245 246 236
249 248 247
235 250 237
236 251 244
254 253 252
257 256 255
258 248 245
248 226 227
232 233 259
261 222 260
260 222 262
264 223 263
244 258 245
234 265 251
268 267 266
270 211 269
221 271 225
272 250 267
274 273 254
276 222 275
276 224 222
276 277 256
227 247 248
242 243 249
280 279 278
283 282 281
285 228 284
286 230 228
288 276 287
223 224 263
220 244 251
233 289 259
278 279 290
293 292 291
292 295 294
214 232 259
297 259 296
297 214 259
243 241 298
301 300 299
219 251 265
279 303 302
279 305 304
279 306 305
305 308 307
224 256 263
224 276 256
249 245 248
298 246 243
243 246 245
311 310 309
216 313 312
216 315 314
316 216 218
317 292 294
319 233 318
209 228 211
209 284 228
272 320 250
244 220 258
251 219 220
234 237 321
235 236 322
323 211 228
216 325 324
251 236 234
328 327 326
329 214 297
220 221 225
312 331 330
312 333 332
238 298 334
238 335 266
265 234 321
250 235 267
321 222 265
321 336 222
250 321 237
265 221 219
250 337 321
222 221 265
215 312 338
215 216 312
272 267 339
225 340 227
214 341 232
246 238 342
344 230 343
347 346 345
350 349 348
266 351 238
245 249 243
246 298 238
258 225 226
352 267 235
354 279 353
247 242 249
357 356 355
222 358 221
267 359 266
225 258 220
248 258 226
362 361 360
365 364 363
368 367 366
264 256 257
264 263 256
370 312 369
373 372 371
376 375 374
379 378 377
382 381 380
385 384 383
387 386 260
389 388 257
392 391 390
395 394 393
398 397 396
401 400 399
212 402 214
404 211 403
406 211 405
292 407 291
410 409 408
412 411 305
305 414 413
241 415 298
418 417 416
421 420 419
421 423 422
426 425 424
429 428 427
432 431 430
434 421 433
436 421 435
437 430 425
427 428 438
429 431 424
429 424 439
438 428 439
442 441 440
443 419 420
424 431 432
420 444 443
445 422 423
441 447 446
450 449 448
453 452 451
422 445 454
438 430 427
438 425 430
432 455 424
430 437 432
425 426 437
424 455 426
427 430 431
427 431 429
439 428 429
439 424 425
439 425 438
426 424 425
429 427 428
432 430 431
437 425 430
427 438 428
429 424 431
429 439 424
438 439 428
424 432 431
438 427 430
438 430 425
432 424 455
430 432 437
425 437 426
424 426 455
427 431 430
427 429 431
439 429 428
439 425 424
439 438 425
458 457 456
458 459 457
456 461 460
456 457 461
464 463 462
464 465 463
468 467 466
470 469 466
465 471 463
474 473 472
477 476 475
478 464 462
478 479 464
481 480 469
484 483 482
458 485 459
488 487 486
491 490 489
492 458 456
494 471 493
496 495 478
471 465 497
500 499 498
503 502 501
506 505 504
507 468 471
509 468 508
480 510 478
511 480 481
469 512 481
515 514 513
516 514 515
518 513 517
515 513 518
521 520 519
522 520 521
525 524 523
527 526 523
528 522 521
531 530 529
534 533 532
520 535 519
536 535 520
538 537 527
541 540 539
542 514 516
545 544 543
548 547 546
514 549 513
528 551 550
553 552 535
522 528 554
557 556 555
560 559 558
563 562 561
524 564 528
524 566 565
567 538 535
538 568 537
569 527 537
572 571 570
572 573 571
575 573 574
575 571 573
578 577 576
578 580 579
570 581 572
570 582 581
585 584 583
588 587 586
590 589 587
593 592 591
595 594 592
598 597 596
585 583 599
596 592 600
596 591 592
596 601 591
596 603 602
605 600 604
600 607 606
600 592 608
584 589 609
584 585 589
612 611 610
615 614 613
617 616 580
619 583 618
596 597 620
623 622 621
626 625 624
627 596 600
630 629 628
633 632 631
